0, 0.428699
0.00025, 0.428699
0.0005, 0.428699
0.00075, 0.428699
0.001, 0.428699
0.00125, 0.428698
0.0015, 0.428698
0.00175, 0.428697
0.002, 0.428696
0.00225, 0.428695
0.0025, 0.428694
0.00275, 0.428693
0.003, 0.428692
0.00325, 0.42869
0.0035, 0.428689
0.00375, 0.428687
0.004, 0.428685
0.00425, 0.428683
0.0045, 0.428681
0.00475, 0.428679
0.005, 0.428677
0.00525, 0.428674
0.0055, 0.428672
0.00575, 0.428669
0.006, 0.428666
0.00625, 0.428663
0.0065, 0.42866
0.00675, 0.428657
0.007, 0.428654
0.00725, 0.42865
0.0075, 0.428647
0.00775, 0.428643
0.008, 0.428639
0.00825, 0.428635
0.0085, 0.428631
0.00875, 0.428627
0.009, 0.428623
0.00925, 0.428618
0.0095, 0.428614
0.00975, 0.428609
0.01, 0.428604
0.01025, 0.428599
0.0105, 0.428594
0.01075, 0.428589
0.011, 0.428584
0.01125, 0.428578
0.0115, 0.428573
0.01175, 0.428567
0.012, 0.428561
0.01225, 0.428555
0.0125, 0.428549
0.01275, 0.428543
0.013, 0.428537
0.01325, 0.42853
0.0135, 0.428524
0.01375, 0.428517
0.014, 0.42851
0.01425, 0.428503
0.0145, 0.428496
0.01475, 0.428489
0.015, 0.428482
0.01525, 0.428474
0.0155, 0.428467
0.01575, 0.428459
0.016, 0.428451
0.01625, 0.428443
0.0165, 0.428435
0.01675, 0.428427
0.017, 0.428419
0.01725, 0.42841
0.0175, 0.428402
0.01775, 0.428393
0.018, 0.428384
0.01825, 0.428376
0.0185, 0.428366
0.01875, 0.428357
0.019, 0.428348
0.01925, 0.428339
0.0195, 0.428329
0.01975, 0.428319
0.02, 0.42831
0.02025, 0.4283
0.0205, 0.42829
0.02075, 0.428279
0.021, 0.428269
0.02125, 0.428259
0.0215, 0.428248
0.02175, 0.428238
0.022, 0.428227
0.02225, 0.428216
0.0225, 0.428205
0.02275, 0.428194
0.023, 0.428182
0.02325, 0.428171
0.0235, 0.428159
0.02375, 0.428148
0.024, 0.428136
0.02425, 0.428124
0.0245, 0.428112
0.02475, 0.4281
0.025, 0.428088
0.02525, 0.428075
0.0255, 0.428063
0.02575, 0.42805
0.026, 0.428037
0.02625, 0.428024
0.0265, 0.428011
0.02675, 0.427998
0.027, 0.427985
0.02725, 0.427971
0.0275, 0.427958
0.02775, 0.427944
0.028, 0.42793
0.02825, 0.427917
0.0285, 0.427903
0.02875, 0.427888
0.029, 0.427874
0.02925, 0.42786
0.0295, 0.427845
0.02975, 0.427831
0.03, 0.427816
0.03025, 0.427801
0.0305, 0.427786
0.03075, 0.427771
0.031, 0.427756
0.03125, 0.42774
0.0315, 0.427725
0.03175, 0.427709
0.032, 0.427693
0.03225, 0.427677
0.0325, 0.427661
0.03275, 0.427645
0.033, 0.427629
0.03325, 0.427613
0.0335, 0.427596
0.03375, 0.427579
0.034, 0.427563
0.03425, 0.427546
0.0345, 0.427529
0.03475, 0.427512
0.035, 0.427495
0.03525, 0.427477
0.0355, 0.42746
0.03575, 0.427442
0.036, 0.427424
0.03625, 0.427406
0.0365, 0.427388
0.03675, 0.42737
0.037, 0.427352
0.03725, 0.427334
0.0375, 0.427315
0.03775, 0.427297
0.038, 0.427278
0.03825, 0.427259
0.0385, 0.42724
0.03875, 0.427221
0.039, 0.427202
0.03925, 0.427182
0.0395, 0.427163
0.03975, 0.427143
0.04, 0.427124
0.04025, 0.427104
0.0405, 0.427084
0.04075, 0.427064
0.041, 0.427044
0.04125, 0.427023
0.0415, 0.427003
0.04175, 0.426982
0.042, 0.426962
0.04225, 0.426941
0.0425, 0.42692
0.04275, 0.426899
0.043, 0.426878
0.04325, 0.426856
0.0435, 0.426835
0.04375, 0.426813
0.044, 0.426792
0.04425, 0.42677
0.0445, 0.426748
0.04475, 0.426726
0.045, 0.426704
0.04525, 0.426681
0.0455, 0.426659
0.04575, 0.426636
0.046, 0.426614
0.04625, 0.426591
0.0465, 0.426568
0.04675, 0.426545
0.047, 0.426522
0.04725, 0.426498
0.0475, 0.426475
0.04775, 0.426452
0.048, 0.426428
0.04825, 0.426404
0.0485, 0.42638
0.04875, 0.426356
0.049, 0.426332
0.04925, 0.426308
0.0495, 0.426283
0.04975, 0.426259
0.05, 0.426234
0.05025, 0.42621
0.0505, 0.426185
0.05075, 0.42616
0.051, 0.426135
0.05125, 0.426109
0.0515, 0.426084
0.05175, 0.426058
0.052, 0.426033
0.05225, 0.426007
0.0525, 0.425981
0.05275, 0.425955
0.053, 0.425929
0.05325, 0.425903
0.0535, 0.425877
0.05375, 0.42585
0.054, 0.425823
0.05425, 0.425797
0.0545, 0.42577
0.05475, 0.425743
0.055, 0.425716
0.05525, 0.425689
0.0555, 0.425661
0.05575, 0.425634
0.056, 0.425606
0.05625, 0.425579
0.0565, 0.425551
0.05675, 0.425523
0.057, 0.425495
0.05725, 0.425467
0.0575, 0.425438
0.05775, 0.42541
0.058, 0.425381
0.05825, 0.425353
0.0585, 0.425324
0.05875, 0.425295
0.059, 0.425266
0.05925, 0.425237
0.0595, 0.425208
0.05975, 0.425178
0.06, 0.425149
0.06025, 0.425119
0.0605, 0.425089
0.06075, 0.425059
0.061, 0.425029
0.06125, 0.424999
0.0615, 0.424969
0.06175, 0.424939
0.062, 0.424908
0.06225, 0.424878
0.0625, 0.424847
0.06275, 0.424816
0.063, 0.424785
0.06325, 0.424754
0.0635, 0.424723
0.06375, 0.424691
0.064, 0.42466
0.06425, 0.424628
0.0645, 0.424597
0.06475, 0.424565
0.065, 0.424533
0.06525, 0.424501
0.0655, 0.424469
0.06575, 0.424436
0.066, 0.424404
0.06625, 0.424371
0.0665, 0.424339
0.06675, 0.424306
0.067, 0.424273
0.06725, 0.42424
0.0675, 0.424207
0.06775, 0.424173
0.068, 0.42414
0.06825, 0.424107
0.0685, 0.424073
0.06875, 0.424039
0.069, 0.424005
0.06925, 0.423971
0.0695, 0.423937
0.06975, 0.423903
0.07, 0.423869
0.07025, 0.423834
0.0705, 0.423799
0.07075, 0.423765
0.071, 0.42373
0.07125, 0.423695
0.0715, 0.42366
0.07175, 0.423625
0.072, 0.423589
0.07225, 0.423554
0.0725, 0.423518
0.07275, 0.423483
0.073, 0.423447
0.07325, 0.423411
0.0735, 0.423375
0.07375, 0.423339
0.074, 0.423302
0.07425, 0.423266
0.0745, 0.423229
0.07475, 0.423193
0.075, 0.423156
0.07525, 0.423119
0.0755, 0.423082
0.07575, 0.423045
0.076, 0.423008
0.07625, 0.42297
0.0765, 0.422933
0.07675, 0.422895
0.077, 0.422858
0.07725, 0.42282
0.0775, 0.422782
0.07775, 0.422744
0.078, 0.422705
0.07825, 0.422667
0.0785, 0.422629
0.07875, 0.42259
0.079, 0.422551
0.07925, 0.422513
0.0795, 0.422474
0.07975, 0.422435
0.08, 0.422395
0.08025, 0.422356
0.0805, 0.422317
0.08075, 0.422277
0.081, 0.422238
0.08125, 0.422198
0.0815, 0.422158
0.08175, 0.422118
0.082, 0.422078
0.08225, 0.422038
0.0825, 0.421997
0.08275, 0.421957
0.083, 0.421916
0.08325, 0.421876
0.0835, 0.421835
0.08375, 0.421794
0.084, 0.421753
0.08425, 0.421711
0.0845, 0.42167
0.08475, 0.421629
0.085, 0.421587
0.08525, 0.421546
0.0855, 0.421504
0.08575, 0.421462
0.086, 0.42142
0.08625, 0.421378
0.0865, 0.421335
0.08675, 0.421293
0.087, 0.421251
0.08725, 0.421208
0.0875, 0.421165
0.08775, 0.421122
0.088, 0.421079
0.08825, 0.421036
0.0885, 0.420993
0.08875, 0.42095
0.089, 0.420906
0.08925, 0.420863
0.0895, 0.420819
0.08975, 0.420775
0.09, 0.420731
0.09025, 0.420687
0.0905, 0.420643
0.09075, 0.420599
0.091, 0.420555
0.09125, 0.42051
0.0915, 0.420466
0.09175, 0.420421
0.092, 0.420376
0.09225, 0.420331
0.0925, 0.420286
0.09275, 0.420241
0.093, 0.420195
0.09325, 0.42015
0.0935, 0.420104
0.09375, 0.420059
0.094, 0.420013
0.09425, 0.419967
0.0945, 0.419921
0.09475, 0.419875
0.095, 0.419828
0.09525, 0.419782
0.0955, 0.419736
0.09575, 0.419689
0.096, 0.419642
0.09625, 0.419595
0.0965, 0.419548
0.09675, 0.419501
0.097, 0.419454
0.09725, 0.419407
0.0975, 0.419359
0.09775, 0.419312
0.098, 0.419264
0.09825, 0.419216
0.0985, 0.419168
0.09875, 0.41912
0.099, 0.419072
0.09925, 0.419024
0.0995, 0.418976
0.09975, 0.418927
0.1, 0.418879
0.10025, 0.41883
0.1005, 0.418781
0.10075, 0.418732
0.101, 0.418683
0.10125, 0.418634
0.1015, 0.418585
0.10175, 0.418535
0.102, 0.418486
0.10225, 0.418436
0.1025, 0.418386
0.10275, 0.418336
0.103, 0.418286
0.10325, 0.418236
0.1035, 0.418186
0.10375, 0.418136
0.104, 0.418085
0.10425, 0.418035
0.1045, 0.417984
0.10475, 0.417933
0.105, 0.417882
0.10525, 0.417831
0.1055, 0.41778
0.10575, 0.417729
0.106, 0.417677
0.10625, 0.417626
0.1065, 0.417574
0.10675, 0.417522
0.107, 0.417471
0.10725, 0.417419
0.1075, 0.417367
0.10775, 0.417314
0.108, 0.417262
0.10825, 0.41721
0.1085, 0.417157
0.10875, 0.417104
0.109, 0.417052
0.10925, 0.416999
0.1095, 0.416946
0.10975, 0.416893
0.11, 0.416839
0.11025, 0.416786
0.1105, 0.416733
0.11075, 0.416679
0.111, 0.416625
0.11125, 0.416571
0.1115, 0.416518
0.11175, 0.416464
0.112, 0.416409
0.11225, 0.416355
0.1125, 0.416301
0.11275, 0.416246
0.113, 0.416192
0.11325, 0.416137
0.1135, 0.416082
0.11375, 0.416027
0.114, 0.415972
0.11425, 0.415917
0.1145, 0.415862
0.11475, 0.415806
0.115, 0.415751
0.11525, 0.415695
0.1155, 0.415639
0.11575, 0.415583
0.116, 0.415527
0.11625, 0.415471
0.1165, 0.415415
0.11675, 0.415359
0.117, 0.415302
0.11725, 0.415246
0.1175, 0.415189
0.11775, 0.415132
0.118, 0.415076
0.11825, 0.415019
0.1185, 0.414961
0.11875, 0.414904
0.119, 0.414847
0.11925, 0.414789
0.1195, 0.414732
0.11975, 0.414674
0.12, 0.414616
0.12025, 0.414558
0.1205, 0.4145
0.12075, 0.414442
0.121, 0.414384
0.12125, 0.414326
0.1215, 0.414267
0.12175, 0.414209
0.122, 0.41415
0.12225, 0.414091
0.1225, 0.414032
0.12275, 0.413973
0.123, 0.413914
0.12325, 0.413855
0.1235, 0.413795
0.12375, 0.413736
0.124, 0.413676
0.12425, 0.413617
0.1245, 0.413557
0.12475, 0.413497
0.125, 0.413437
0.12525, 0.413377
0.1255, 0.413316
0.12575, 0.413256
0.126, 0.413195
0.12625, 0.413135
0.1265, 0.413074
0.12675, 0.413013
0.127, 0.412952
0.12725, 0.412891
0.1275, 0.41283
0.12775, 0.412769
0.128, 0.412707
0.12825, 0.412646
0.1285, 0.412584
0.12875, 0.412523
0.129, 0.412461
0.12925, 0.412399
0.1295, 0.412337
0.12975, 0.412275
0.13, 0.412212
0.13025, 0.41215
0.1305, 0.412087
0.13075, 0.412025
0.131, 0.411962
0.13125, 0.411899
0.1315, 0.411836
0.13175, 0.411773
0.132, 0.41171
0.13225, 0.411647
0.1325, 0.411583
0.13275, 0.41152
0.133, 0.411456
0.13325, 0.411393
0.1335, 0.411329
0.13375, 0.411265
0.134, 0.411201
0.13425, 0.411137
0.1345, 0.411072
0.13475, 0.411008
0.135, 0.410943
0.13525, 0.410879
0.1355, 0.410814
0.13575, 0.410749
0.136, 0.410684
0.13625, 0.410619
0.1365, 0.410554
0.13675, 0.410489
0.137, 0.410423
0.13725, 0.410358
0.1375, 0.410292
0.13775, 0.410227
0.138, 0.410161
0.13825, 0.410095
0.1385, 0.410029
0.13875, 0.409963
0.139, 0.409896
0.13925, 0.40983
0.1395, 0.409764
0.13975, 0.409697
0.14, 0.40963
0.14025, 0.409564
0.1405, 0.409497
0.14075, 0.40943
0.141, 0.409363
0.14125, 0.409295
0.1415, 0.409228
0.14175, 0.40916
0.142, 0.409093
0.14225, 0.409025
0.1425, 0.408957
0.14275, 0.40889
0.143, 0.408822
0.14325, 0.408753
0.1435, 0.408685
0.14375, 0.408617
0.144, 0.408549
0.14425, 0.40848
0.1445, 0.408411
0.14475, 0.408343
0.145, 0.408274
0.14525, 0.408205
0.1455, 0.408136
0.14575, 0.408066
0.146, 0.407997
0.14625, 0.407928
0.1465, 0.407858
0.14675, 0.407789
0.147, 0.407719
0.14725, 0.407649
0.1475, 0.407579
0.14775, 0.407509
0.148, 0.407439
0.14825, 0.407369
0.1485, 0.407298
0.14875, 0.407228
0.149, 0.407157
0.14925, 0.407087
0.1495, 0.407016
0.14975, 0.406945
0.15, 0.406874
0.15025, 0.406803
0.1505, 0.406731
0.15075, 0.40666
0.151, 0.406589
0.15125, 0.406517
0.1515, 0.406445
0.15175, 0.406374
0.152, 0.406302
0.15225, 0.40623
0.1525, 0.406158
0.15275, 0.406086
0.153, 0.406013
0.15325, 0.405941
0.1535, 0.405868
0.15375, 0.405796
0.154, 0.405723
0.15425, 0.40565
0.1545, 0.405577
0.15475, 0.405504
0.155, 0.405431
0.15525, 0.405358
0.1555, 0.405284
0.15575, 0.405211
0.156, 0.405137
0.15625, 0.405064
0.1565, 0.40499
0.15675, 0.404916
0.157, 0.404842
0.15725, 0.404768
0.1575, 0.404694
0.15775, 0.40462
0.158, 0.404545
0.15825, 0.404471
0.1585, 0.404396
0.15875, 0.404321
0.159, 0.404246
0.15925, 0.404171
0.1595, 0.404096
0.15975, 0.404021
0.16, 0.403946
0.16025, 0.403871
0.1605, 0.403795
0.16075, 0.40372
0.161, 0.403644
0.16125, 0.403568
0.1615, 0.403492
0.16175, 0.403416
0.162, 0.40334
0.16225, 0.403264
0.1625, 0.403188
0.16275, 0.403111
0.163, 0.403035
0.16325, 0.402958
0.1635, 0.402882
0.16375, 0.402805
0.164, 0.402728
0.16425, 0.402651
0.1645, 0.402574
0.16475, 0.402496
0.165, 0.402419
0.16525, 0.402342
0.1655, 0.402264
0.16575, 0.402187
0.166, 0.402109
0.16625, 0.402031
0.1665, 0.401953
0.16675, 0.401875
0.167, 0.401797
0.16725, 0.401718
0.1675, 0.40164
0.16775, 0.401562
0.168, 0.401483
0.16825, 0.401404
0.1685, 0.401326
0.16875, 0.401247
0.169, 0.401168
0.16925, 0.401089
0.1695, 0.40101
0.16975, 0.40093
0.17, 0.400851
0.17025, 0.400771
0.1705, 0.400692
0.17075, 0.400612
0.171, 0.400532
0.17125, 0.400452
0.1715, 0.400372
0.17175, 0.400292
0.172, 0.400212
0.17225, 0.400132
0.1725, 0.400051
0.17275, 0.399971
0.173, 0.39989
0.17325, 0.399809
0.1735, 0.399729
0.17375, 0.399648
0.174, 0.399567
0.17425, 0.399486
0.1745, 0.399404
0.17475, 0.399323
0.175, 0.399242
0.17525, 0.39916
0.1755, 0.399078
0.17575, 0.398997
0.176, 0.398915
0.17625, 0.398833
0.1765, 0.398751
0.17675, 0.398669
0.177, 0.398587
0.17725, 0.398504
0.1775, 0.398422
0.17775, 0.398339
0.178, 0.398257
0.17825, 0.398174
0.1785, 0.398091
0.17875, 0.398008
0.179, 0.397925
0.17925, 0.397842
0.1795, 0.397759
0.17975, 0.397675
0.18, 0.397592
0.18025, 0.397508
0.1805, 0.397425
0.18075, 0.397341
0.181, 0.397257
0.18125, 0.397173
0.1815, 0.397089
0.18175, 0.397005
0.182, 0.396921
0.18225, 0.396837
0.1825, 0.396752
0.18275, 0.396668
0.183, 0.396583
0.18325, 0.396498
0.1835, 0.396414
0.18375, 0.396329
0.184, 0.396244
0.18425, 0.396159
0.1845, 0.396073
0.18475, 0.395988
0.185, 0.395903
0.18525, 0.395817
0.1855, 0.395731
0.18575, 0.395646
0.186, 0.39556
0.18625, 0.395474
0.1865, 0.395388
0.18675, 0.395302
0.187, 0.395216
0.18725, 0.395129
0.1875, 0.395043
0.18775, 0.394957
0.188, 0.39487
0.18825, 0.394783
0.1885, 0.394696
0.18875, 0.39461
0.189, 0.394523
0.18925, 0.394436
0.1895, 0.394348
0.18975, 0.394261
0.19, 0.394174
0.19025, 0.394086
0.1905, 0.393999
0.19075, 0.393911
0.191, 0.393823
0.19125, 0.393735
0.1915, 0.393648
0.19175, 0.393559
0.192, 0.393471
0.19225, 0.393383
0.1925, 0.393295
0.19275, 0.393206
0.193, 0.393118
0.19325, 0.393029
0.1935, 0.39294
0.19375, 0.392852
0.194, 0.392763
0.19425, 0.392674
0.1945, 0.392585
0.19475, 0.392495
0.195, 0.392406
0.19525, 0.392317
0.1955, 0.392227
0.19575, 0.392138
0.196, 0.392048
0.19625, 0.391958
0.1965, 0.391868
0.19675, 0.391778
0.197, 0.391688
0.19725, 0.391598
0.1975, 0.391508
0.19775, 0.391418
0.198, 0.391327
0.19825, 0.391237
0.1985, 0.391146
0.19875, 0.391055
0.199, 0.390965
0.19925, 0.390874
0.1995, 0.390783
0.19975, 0.390692
0.2, 0.3906
0.20025, 0.390509
0.2005, 0.390418
0.20075, 0.390326
0.201, 0.390235
0.20125, 0.390143
0.2015, 0.390051
0.20175, 0.389959
0.202, 0.389867
0.20225, 0.389775
0.2025, 0.389683
0.20275, 0.389591
0.203, 0.389499
0.20325, 0.389406
0.2035, 0.389314
0.20375, 0.389221
0.204, 0.389128
0.20425, 0.389036
0.2045, 0.388943
0.20475, 0.38885
0.205, 0.388757
0.20525, 0.388664
0.2055, 0.38857
0.20575, 0.388477
0.206, 0.388384
0.20625, 0.38829
0.2065, 0.388196
0.20675, 0.388103
0.207, 0.388009
0.20725, 0.387915
0.2075, 0.387821
0.20775, 0.387727
0.208, 0.387633
0.20825, 0.387539
0.2085, 0.387444
0.20875, 0.38735
0.209, 0.387255
0.20925, 0.387161
0.2095, 0.387066
0.20975, 0.386971
0.21, 0.386876
0.21025, 0.386781
0.2105, 0.386686
0.21075, 0.386591
0.211, 0.386496
0.21125, 0.3864
0.2115, 0.386305
0.21175, 0.386209
0.212, 0.386114
0.21225, 0.386018
0.2125, 0.385922
0.21275, 0.385826
0.213, 0.38573
0.21325, 0.385634
0.2135, 0.385538
0.21375, 0.385442
0.214, 0.385345
0.21425, 0.385249
0.2145, 0.385152
0.21475, 0.385056
0.215, 0.384959
0.21525, 0.384862
0.2155, 0.384765
0.21575, 0.384668
0.216, 0.384571
0.21625, 0.384474
0.2165, 0.384377
0.21675, 0.38428
0.217, 0.384182
0.21725, 0.384085
0.2175, 0.383987
0.21775, 0.383889
0.218, 0.383792
0.21825, 0.383694
0.2185, 0.383596
0.21875, 0.383498
0.219, 0.3834
0.21925, 0.383301
0.2195, 0.383203
0.21975, 0.383105
0.22, 0.383006
0.22025, 0.382908
0.2205, 0.382809
0.22075, 0.38271
0.221, 0.382611
0.22125, 0.382512
0.2215, 0.382413
0.22175, 0.382314
0.222, 0.382215
0.22225, 0.382116
0.2225, 0.382016
0.22275, 0.381917
0.223, 0.381817
0.22325, 0.381718
0.2235, 0.381618
0.22375, 0.381518
0.224, 0.381418
0.22425, 0.381318
0.2245, 0.381218
0.22475, 0.381118
0.225, 0.381018
0.22525, 0.380918
0.2255, 0.380817
0.22575, 0.380717
0.226, 0.380616
0.22625, 0.380515
0.2265, 0.380415
0.22675, 0.380314
0.227, 0.380213
0.22725, 0.380112
0.2275, 0.380011
0.22775, 0.37991
0.228, 0.379808
0.22825, 0.379707
0.2285, 0.379605
0.22875, 0.379504
0.229, 0.379402
0.22925, 0.379301
0.2295, 0.379199
0.22975, 0.379097
0.23, 0.378995
0.23025, 0.378893
0.2305, 0.378791
0.23075, 0.378689
0.231, 0.378586
0.23125, 0.378484
0.2315, 0.378381
0.23175, 0.378279
0.232, 0.378176
0.23225, 0.378074
0.2325, 0.377971
0.23275, 0.377868
0.233, 0.377765
0.23325, 0.377662
0.2335, 0.377559
0.23375, 0.377455
0.234, 0.377352
0.23425, 0.377249
0.2345, 0.377145
0.23475, 0.377042
0.235, 0.376938
0.23525, 0.376834
0.2355, 0.376731
0.23575, 0.376627
0.236, 0.376523
0.23625, 0.376419
0.2365, 0.376315
0.23675, 0.37621
0.237, 0.376106
0.23725, 0.376002
0.2375, 0.375897
0.23775, 0.375793
0.238, 0.375688
0.23825, 0.375583
0.2385, 0.375478
0.23875, 0.375374
0.239, 0.375269
0.23925, 0.375163
0.2395, 0.375058
0.23975, 0.374953
0.24, 0.374848
0.24025, 0.374742
0.2405, 0.374637
0.24075, 0.374531
0.241, 0.374426
0.24125, 0.37432
0.2415, 0.374214
0.24175, 0.374109
0.242, 0.374003
0.24225, 0.373897
0.2425, 0.37379
0.24275, 0.373684
0.243, 0.373578
0.24325, 0.373472
0.2435, 0.373365
0.24375, 0.373259
0.244, 0.373152
0.24425, 0.373045
0.2445, 0.372939
0.24475, 0.372832
0.245, 0.372725
0.24525, 0.372618
0.2455, 0.372511
0.24575, 0.372404
0.246, 0.372296
0.24625, 0.372189
0.2465, 0.372082
0.24675, 0.371974
0.247, 0.371867
0.24725, 0.371759
0.2475, 0.371651
0.24775, 0.371544
0.248, 0.371436
0.24825, 0.371328
0.2485, 0.37122
0.24875, 0.371112
0.249, 0.371003
0.24925, 0.370895
0.2495, 0.370787
0.24975, 0.370678
0.25, 0.37057
0.25025, 0.370461
0.2505, 0.370353
0.25075, 0.370244
0.251, 0.370135
0.25125, 0.370026
0.2515, 0.369917
0.25175, 0.369808
0.252, 0.369699
0.25225, 0.36959
0.2525, 0.369481
0.25275, 0.369371
0.253, 0.369262
0.25325, 0.369152
0.2535, 0.369043
0.25375, 0.368933
0.254, 0.368823
0.25425, 0.368714
0.2545, 0.368604
0.25475, 0.368494
0.255, 0.368384
0.25525, 0.368274
0.2555, 0.368163
0.25575, 0.368053
0.256, 0.367943
0.25625, 0.367832
0.2565, 0.367722
0.25675, 0.367611
0.257, 0.367501
0.25725, 0.36739
0.2575, 0.367279
0.25775, 0.367168
0.258, 0.367057
0.25825, 0.366946
0.2585, 0.366835
0.25875, 0.366724
0.259, 0.366613
0.25925, 0.366501
0.2595, 0.36639
0.25975, 0.366278
0.26, 0.366167
0.26025, 0.366055
0.2605, 0.365943
0.26075, 0.365832
0.261, 0.36572
0.26125, 0.365608
0.2615, 0.365496
0.26175, 0.365384
0.262, 0.365272
0.26225, 0.365159
0.2625, 0.365047
0.26275, 0.364935
0.263, 0.364822
0.26325, 0.36471
0.2635, 0.364597
0.26375, 0.364484
0.264, 0.364372
0.26425, 0.364259
0.2645, 0.364146
0.26475, 0.364033
0.265, 0.36392
0.26525, 0.363807
0.2655, 0.363694
0.26575, 0.36358
0.266, 0.363467
0.26625, 0.363354
0.2665, 0.36324
0.26675, 0.363127
0.267, 0.363013
0.26725, 0.362899
0.2675, 0.362786
0.26775, 0.362672
0.268, 0.362558
0.26825, 0.362444
0.2685, 0.36233
0.26875, 0.362216
0.269, 0.362101
0.26925, 0.361987
0.2695, 0.361873
0.26975, 0.361758
0.27, 0.361644
0.27025, 0.361529
0.2705, 0.361415
0.27075, 0.3613
0.271, 0.361185
0.27125, 0.36107
0.2715, 0.360956
0.27175, 0.360841
0.272, 0.360725
0.27225, 0.36061
0.2725, 0.360495
0.27275, 0.36038
0.273, 0.360265
0.27325, 0.360149
0.2735, 0.360034
0.27375, 0.359918
0.274, 0.359803
0.27425, 0.359687
0.2745, 0.359571
0.27475, 0.359455
0.275, 0.359339
0.27525, 0.359223
0.2755, 0.359107
0.27575, 0.358991
0.276, 0.358875
0.27625, 0.358759
0.2765, 0.358643
0.27675, 0.358526
0.277, 0.35841
0.27725, 0.358293
0.2775, 0.358177
0.27775, 0.35806
0.278, 0.357943
0.27825, 0.357827
0.2785, 0.35771
0.27875, 0.357593
0.279, 0.357476
0.27925, 0.357359
0.2795, 0.357242
0.27975, 0.357124
0.28, 0.357007
0.28025, 0.35689
0.2805, 0.356772
0.28075, 0.356655
0.281, 0.356537
0.28125, 0.35642
0.2815, 0.356302
0.28175, 0.356184
0.282, 0.356067
0.28225, 0.355949
0.2825, 0.355831
0.28275, 0.355713
0.283, 0.355595
0.28325, 0.355477
0.2835, 0.355358
0.28375, 0.35524
0.284, 0.355122
0.28425, 0.355003
0.2845, 0.354885
0.28475, 0.354766
0.285, 0.354648
0.28525, 0.354529
0.2855, 0.354411
0.28575, 0.354292
0.286, 0.354173
0.28625, 0.354054
0.2865, 0.353935
0.28675, 0.353816
0.287, 0.353697
0.28725, 0.353578
0.2875, 0.353458
0.28775, 0.353339
0.288, 0.35322
0.28825, 0.3531
0.2885, 0.352981
0.28875, 0.352861
0.289, 0.352742
0.28925, 0.352622
0.2895, 0.352502
0.28975, 0.352382
0.29, 0.352262
0.29025, 0.352142
0.2905, 0.352022
0.29075, 0.351902
0.291, 0.351782
0.29125, 0.351662
0.2915, 0.351542
0.29175, 0.351421
0.292, 0.351301
0.29225, 0.351181
0.2925, 0.35106
0.29275, 0.35094
0.293, 0.350819
0.29325, 0.350698
0.2935, 0.350577
0.29375, 0.350457
0.294, 0.350336
0.29425, 0.350215
0.2945, 0.350094
0.29475, 0.349973
0.295, 0.349851
0.29525, 0.34973
0.2955, 0.349609
0.29575, 0.349488
0.296, 0.349366
0.29625, 0.349245
0.2965, 0.349123
0.29675, 0.349002
0.297, 0.34888
0.29725, 0.348758
0.2975, 0.348637
0.29775, 0.348515
0.298, 0.348393
0.29825, 0.348271
0.2985, 0.348149
0.29875, 0.348027
0.299, 0.347905
0.29925, 0.347783
0.2995, 0.347661
0.29975, 0.347538
0.3, 0.347416
0.30025, 0.347293
0.3005, 0.347171
0.30075, 0.347048
0.301, 0.346926
0.30125, 0.346803
0.3015, 0.34668
0.30175, 0.346558
0.302, 0.346435
0.30225, 0.346312
0.3025, 0.346189
0.30275, 0.346066
0.303, 0.345943
0.30325, 0.34582
0.3035, 0.345697
0.30375, 0.345573
0.304, 0.34545
0.30425, 0.345327
0.3045, 0.345203
0.30475, 0.34508
0.305, 0.344956
0.30525, 0.344833
0.3055, 0.344709
0.30575, 0.344585
0.306, 0.344462
0.30625, 0.344338
0.3065, 0.344214
0.30675, 0.34409
0.307, 0.343966
0.30725, 0.343842
0.3075, 0.343718
0.30775, 0.343594
0.308, 0.34347
0.30825, 0.343345
0.3085, 0.343221
0.30875, 0.343097
0.309, 0.342972
0.30925, 0.342848
0.3095, 0.342723
0.30975, 0.342598
0.31, 0.342474
0.31025, 0.342349
0.3105, 0.342224
0.31075, 0.342099
0.311, 0.341975
0.31125, 0.34185
0.3115, 0.341725
0.31175, 0.3416
0.312, 0.341474
0.31225, 0.341349
0.3125, 0.341224
0.31275, 0.341099
0.313, 0.340973
0.31325, 0.340848
0.3135, 0.340723
0.31375, 0.340597
0.314, 0.340472
0.31425, 0.340346
0.3145, 0.34022
0.31475, 0.340095
0.315, 0.339969
0.31525, 0.339843
0.3155, 0.339717
0.31575, 0.339591
0.316, 0.339465
0.31625, 0.339339
0.3165, 0.339213
0.31675, 0.339087
0.317, 0.338961
0.31725, 0.338835
0.3175, 0.338708
0.31775, 0.338582
0.318, 0.338456
0.31825, 0.338329
0.3185, 0.338203
0.31875, 0.338076
0.319, 0.337949
0.31925, 0.337823
0.3195, 0.337696
0.31975, 0.337569
0.32, 0.337442
0.32025, 0.337316
0.3205, 0.337189
0.32075, 0.337062
0.321, 0.336935
0.32125, 0.336808
0.3215, 0.33668
0.32175, 0.336553
0.322, 0.336426
0.32225, 0.336299
0.3225, 0.336171
0.32275, 0.336044
0.323, 0.335917
0.32325, 0.335789
0.3235, 0.335662
0.32375, 0.335534
0.324, 0.335406
0.32425, 0.335279
0.3245, 0.335151
0.32475, 0.335023
0.325, 0.334895
0.32525, 0.334768
0.3255, 0.33464
0.32575, 0.334512
0.326, 0.334384
0.32625, 0.334256
0.3265, 0.334127
0.32675, 0.333999
0.327, 0.333871
0.32725, 0.333743
0.3275, 0.333614
0.32775, 0.333486
0.328, 0.333358
0.32825, 0.333229
0.3285, 0.333101
0.32875, 0.332972
0.329, 0.332844
0.32925, 0.332715
0.3295, 0.332586
0.32975, 0.332457
0.33, 0.332329
0.33025, 0.3322
0.3305, 0.332071
0.33075, 0.331942
0.331, 0.331813
0.33125, 0.331684
0.3315, 0.331555
0.33175, 0.331426
0.332, 0.331297
0.33225, 0.331167
0.3325, 0.331038
0.33275, 0.330909
0.333, 0.330779
0.33325, 0.33065
0.3335, 0.33052
0.33375, 0.330391
0.334, 0.330261
0.33425, 0.330132
0.3345, 0.330002
0.33475, 0.329873
0.335, 0.329743
0.33525, 0.329613
0.3355, 0.329483
0.33575, 0.329353
0.336, 0.329223
0.33625, 0.329093
0.3365, 0.328963
0.33675, 0.328833
0.337, 0.328703
0.33725, 0.328573
0.3375, 0.328443
0.33775, 0.328313
0.338, 0.328183
0.33825, 0.328052
0.3385, 0.327922
0.33875, 0.327791
0.339, 0.327661
0.33925, 0.327531
0.3395, 0.3274
0.33975, 0.327269
0.34, 0.327139
0.34025, 0.327008
0.3405, 0.326878
0.34075, 0.326747
0.341, 0.326616
0.34125, 0.326485
0.3415, 0.326354
0.34175, 0.326223
0.342, 0.326092
0.34225, 0.325961
0.3425, 0.32583
0.34275, 0.325699
0.343, 0.325568
0.34325, 0.325437
0.3435, 0.325306
0.34375, 0.325175
0.344, 0.325043
0.34425, 0.324912
0.3445, 0.324781
0.34475, 0.324649
0.345, 0.324518
0.34525, 0.324386
0.3455, 0.324255
0.34575, 0.324123
0.346, 0.323991
0.34625, 0.32386
0.3465, 0.323728
0.34675, 0.323596
0.347, 0.323465
0.34725, 0.323333
0.3475, 0.323201
0.34775, 0.323069
0.348, 0.322937
0.34825, 0.322805
0.3485, 0.322673
0.34875, 0.322541
0.349, 0.322409
0.34925, 0.322277
0.3495, 0.322145
0.34975, 0.322012
0.35, 0.32188
0.35025, 0.321748
0.3505, 0.321615
0.35075, 0.321483
0.351, 0.321351
0.35125, 0.321218
0.3515, 0.321086
0.35175, 0.320953
0.352, 0.320821
0.35225, 0.320688
0.3525, 0.320555
0.35275, 0.320423
0.353, 0.32029
0.35325, 0.320157
0.3535, 0.320025
0.35375, 0.319892
0.354, 0.319759
0.35425, 0.319626
0.3545, 0.319493
0.35475, 0.31936
0.355, 0.319227
0.35525, 0.319094
0.3555, 0.318961
0.35575, 0.318828
0.356, 0.318695
0.35625, 0.318561
0.3565, 0.318428
0.35675, 0.318295
0.357, 0.318162
0.35725, 0.318028
0.3575, 0.317895
0.35775, 0.317762
0.358, 0.317628
0.35825, 0.317495
0.3585, 0.317361
0.35875, 0.317228
0.359, 0.317094
0.35925, 0.31696
0.3595, 0.316827
0.35975, 0.316693
0.36, 0.316559
0.36025, 0.316426
0.3605, 0.316292
0.36075, 0.316158
0.361, 0.316024
0.36125, 0.31589
0.3615, 0.315756
0.36175, 0.315622
0.362, 0.315488
0.36225, 0.315354
0.3625, 0.31522
0.36275, 0.315086
0.363, 0.314952
0.36325, 0.314818
0.3635, 0.314684
0.36375, 0.314549
0.364, 0.314415
0.36425, 0.314281
0.3645, 0.314147
0.36475, 0.314012
0.365, 0.313878
0.36525, 0.313743
0.3655, 0.313609
0.36575, 0.313474
0.366, 0.31334
0.36625, 0.313205
0.3665, 0.313071
0.36675, 0.312936
0.367, 0.312802
0.36725, 0.312667
0.3675, 0.312532
0.36775, 0.312397
0.368, 0.312263
0.36825, 0.312128
0.3685, 0.311993
0.36875, 0.311858
0.369, 0.311723
0.36925, 0.311588
0.3695, 0.311453
0.36975, 0.311319
0.37, 0.311183
0.37025, 0.311048
0.3705, 0.310913
0.37075, 0.310778
0.371, 0.310643
0.37125, 0.310508
0.3715, 0.310373
0.37175, 0.310238
0.372, 0.310102
0.37225, 0.309967
0.3725, 0.309832
0.37275, 0.309696
0.373, 0.309561
0.37325, 0.309426
0.3735, 0.30929
0.37375, 0.309155
0.374, 0.309019
0.37425, 0.308884
0.3745, 0.308748
0.37475, 0.308613
0.375, 0.308477
0.37525, 0.308342
0.3755, 0.308206
0.37575, 0.30807
0.376, 0.307935
0.37625, 0.307799
0.3765, 0.307663
0.37675, 0.307527
0.377, 0.307392
0.37725, 0.307256
0.3775, 0.30712
0.37775, 0.306984
0.378, 0.306848
0.37825, 0.306712
0.3785, 0.306576
0.37875, 0.30644
0.379, 0.306304
0.37925, 0.306168
0.3795, 0.306032
0.37975, 0.305896
0.38, 0.30576
0.38025, 0.305624
0.3805, 0.305488
0.38075, 0.305351
0.381, 0.305215
0.38125, 0.305079
0.3815, 0.304943
0.38175, 0.304806
0.382, 0.30467
0.38225, 0.304534
0.3825, 0.304397
0.38275, 0.304261
0.383, 0.304125
0.38325, 0.303988
0.3835, 0.303852
0.38375, 0.303715
0.384, 0.303579
0.38425, 0.303442
0.3845, 0.303306
0.38475, 0.303169
0.385, 0.303033
0.38525, 0.302896
0.3855, 0.302759
0.38575, 0.302623
0.386, 0.302486
0.38625, 0.302349
0.3865, 0.302213
0.38675, 0.302076
0.387, 0.301939
0.38725, 0.301802
0.3875, 0.301665
0.38775, 0.301529
0.388, 0.301392
0.38825, 0.301255
0.3885, 0.301118
0.38875, 0.300981
0.389, 0.300844
0.38925, 0.300707
0.3895, 0.30057
0.38975, 0.300433
0.39, 0.300296
0.39025, 0.300159
0.3905, 0.300022
0.39075, 0.299885
0.391, 0.299748
0.39125, 0.299611
0.3915, 0.299473
0.39175, 0.299336
0.392, 0.299199
0.39225, 0.299062
0.3925, 0.298925
0.39275, 0.298787
0.393, 0.29865
0.39325, 0.298513
0.3935, 0.298375
0.39375, 0.298238
0.394, 0.298101
0.39425, 0.297963
0.3945, 0.297826
0.39475, 0.297689
0.395, 0.297551
0.39525, 0.297414
0.3955, 0.297276
0.39575, 0.297139
0.396, 0.297001
0.39625, 0.296864
0.3965, 0.296726
0.39675, 0.296589
0.397, 0.296451
0.39725, 0.296314
0.3975, 0.296176
0.39775, 0.296038
0.398, 0.295901
0.39825, 0.295763
0.3985, 0.295625
0.39875, 0.295488
0.399, 0.29535
0.39925, 0.295212
0.3995, 0.295075
0.39975, 0.294937
0.4, 0.294799
0.40025, 0.294661
0.4005, 0.294524
0.40075, 0.294386
0.401, 0.294248
0.40125, 0.29411
0.4015, 0.293972
0.40175, 0.293834
0.402, 0.293696
0.40225, 0.293559
0.4025, 0.293421
0.40275, 0.293283
0.403, 0.293145
0.40325, 0.293007
0.4035, 0.292869
0.40375, 0.292731
0.404, 0.292593
0.40425, 0.292455
0.4045, 0.292317
0.40475, 0.292179
0.405, 0.292041
0.40525, 0.291903
0.4055, 0.291764
0.40575, 0.291626
0.406, 0.291488
0.40625, 0.29135
0.4065, 0.291212
0.40675, 0.291074
0.407, 0.290936
0.40725, 0.290797
0.4075, 0.290659
0.40775, 0.290521
0.408, 0.290383
0.40825, 0.290245
0.4085, 0.290106
0.40875, 0.289968
0.409, 0.28983
0.40925, 0.289692
0.4095, 0.289553
0.40975, 0.289415
0.41, 0.289277
0.41025, 0.289138
0.4105, 0.289
0.41075, 0.288862
0.411, 0.288723
0.41125, 0.288585
0.4115, 0.288447
0.41175, 0.288308
0.412, 0.28817
0.41225, 0.288031
0.4125, 0.287893
0.41275, 0.287755
0.413, 0.287616
0.41325, 0.287478
0.4135, 0.287339
0.41375, 0.287201
0.414, 0.287062
0.41425, 0.286924
0.4145, 0.286785
0.41475, 0.286647
0.415, 0.286508
0.41525, 0.28637
0.4155, 0.286231
0.41575, 0.286093
0.416, 0.285954
0.41625, 0.285816
0.4165, 0.285677
0.41675, 0.285539
0.417, 0.2854
0.41725, 0.285261
0.4175, 0.285123
0.41775, 0.284984
0.418, 0.284846
0.41825, 0.284707
0.4185, 0.284568
0.41875, 0.28443
0.419, 0.284291
0.41925, 0.284153
0.4195, 0.284014
0.41975, 0.283875
0.42, 0.283737
0.42025, 0.283598
0.4205, 0.283459
0.42075, 0.283321
0.421, 0.283182
0.42125, 0.283043
0.4215, 0.282904
0.42175, 0.282766
0.422, 0.282627
0.42225, 0.282488
0.4225, 0.28235
0.42275, 0.282211
0.423, 0.282072
0.42325, 0.281933
0.4235, 0.281795
0.42375, 0.281656
0.424, 0.281517
0.42425, 0.281378
0.4245, 0.28124
0.42475, 0.281101
0.425, 0.280962
0.42525, 0.280823
0.4255, 0.280685
0.42575, 0.280546
0.426, 0.280407
0.42625, 0.280268
0.4265, 0.280129
0.42675, 0.279991
0.427, 0.279852
0.42725, 0.279713
0.4275, 0.279574
0.42775, 0.279436
0.428, 0.279297
0.42825, 0.279158
0.4285, 0.279019
0.42875, 0.27888
0.429, 0.278741
0.42925, 0.278603
0.4295, 0.278464
0.42975, 0.278325
0.43, 0.278186
0.43025, 0.278047
0.4305, 0.277909
0.43075, 0.27777
0.431, 0.277631
0.43125, 0.277492
0.4315, 0.277353
0.43175, 0.277214
0.432, 0.277076
0.43225, 0.276937
0.4325, 0.276798
0.43275, 0.276659
0.433, 0.27652
0.43325, 0.276381
0.4335, 0.276243
0.43375, 0.276104
0.434, 0.275965
0.43425, 0.275826
0.4345, 0.275687
0.43475, 0.275549
0.435, 0.27541
0.43525, 0.275271
0.4355, 0.275132
0.43575, 0.274993
0.436, 0.274854
0.43625, 0.274716
0.4365, 0.274577
0.43675, 0.274438
0.437, 0.274299
0.43725, 0.27416
0.4375, 0.274022
0.43775, 0.273883
0.438, 0.273744
0.43825, 0.273605
0.4385, 0.273466
0.43875, 0.273328
0.439, 0.273189
0.43925, 0.27305
0.4395, 0.272911
0.43975, 0.272772
0.44, 0.272634
0.44025, 0.272495
0.4405, 0.272356
0.44075, 0.272217
0.441, 0.272078
0.44125, 0.27194
0.4415, 0.271801
0.44175, 0.271662
0.442, 0.271523
0.44225, 0.271385
0.4425, 0.271246
0.44275, 0.271107
0.443, 0.270968
0.44325, 0.27083
0.4435, 0.270691
0.44375, 0.270552
0.444, 0.270414
0.44425, 0.270275
0.4445, 0.270136
0.44475, 0.269998
0.445, 0.269859
0.44525, 0.26972
0.4455, 0.269581
0.44575, 0.269443
0.446, 0.269304
0.44625, 0.269165
0.4465, 0.269027
0.44675, 0.268888
0.447, 0.26875
0.44725, 0.268611
0.4475, 0.268472
0.44775, 0.268334
0.448, 0.268195
0.44825, 0.268056
0.4485, 0.267918
0.44875, 0.267779
0.449, 0.267641
0.44925, 0.267502
0.4495, 0.267364
0.44975, 0.267225
0.45, 0.267086
0.45025, 0.266948
0.4505, 0.266809
0.45075, 0.266671
0.451, 0.266532
0.45125, 0.266394
0.4515, 0.266255
0.45175, 0.266117
0.452, 0.265978
0.45225, 0.26584
0.4525, 0.265701
0.45275, 0.265563
0.453, 0.265425
0.45325, 0.265286
0.4535, 0.265148
0.45375, 0.265009
0.454, 0.264871
0.45425, 0.264733
0.4545, 0.264594
0.45475, 0.264456
0.455, 0.264317
0.45525, 0.264179
0.4555, 0.264041
0.45575, 0.263902
0.456, 0.263764
0.45625, 0.263626
0.4565, 0.263488
0.45675, 0.263349
0.457, 0.263211
0.45725, 0.263073
0.4575, 0.262934
0.45775, 0.262796
0.458, 0.262658
0.45825, 0.26252
0.4585, 0.262382
0.45875, 0.262243
0.459, 0.262105
0.45925, 0.261967
0.4595, 0.261829
0.45975, 0.261691
0.46, 0.261553
0.46025, 0.261415
0.4605, 0.261277
0.46075, 0.261138
0.461, 0.261
0.46125, 0.260862
0.4615, 0.260724
0.46175, 0.260586
0.462, 0.260448
0.46225, 0.26031
0.4625, 0.260172
0.46275, 0.260034
0.463, 0.259896
0.46325, 0.259759
0.4635, 0.259621
0.46375, 0.259483
0.464, 0.259345
0.46425, 0.259207
0.4645, 0.259069
0.46475, 0.258931
0.465, 0.258793
0.46525, 0.258656
0.4655, 0.258518
0.46575, 0.25838
0.466, 0.258242
0.46625, 0.258105
0.4665, 0.257967
0.46675, 0.257829
0.467, 0.257691
0.46725, 0.257554
0.4675, 0.257416
0.46775, 0.257278
0.468, 0.257141
0.46825, 0.257003
0.4685, 0.256866
0.46875, 0.256728
0.469, 0.256591
0.46925, 0.256453
0.4695, 0.256315
0.46975, 0.256178
0.47, 0.256041
0.47025, 0.255903
0.4705, 0.255766
0.47075, 0.255628
0.471, 0.255491
0.47125, 0.255353
0.4715, 0.255216
0.47175, 0.255079
0.472, 0.254941
0.47225, 0.254804
0.4725, 0.254667
0.47275, 0.254529
0.473, 0.254392
0.47325, 0.254255
0.4735, 0.254118
0.47375, 0.253981
0.474, 0.253843
0.47425, 0.253706
0.4745, 0.253569
0.47475, 0.253432
0.475, 0.253295
0.47525, 0.253158
0.4755, 0.253021
0.47575, 0.252884
0.476, 0.252747
0.47625, 0.25261
0.4765, 0.252473
0.47675, 0.252336
0.477, 0.252199
0.47725, 0.252062
0.4775, 0.251925
0.47775, 0.251788
0.478, 0.251652
0.47825, 0.251515
0.4785, 0.251378
0.47875, 0.251241
0.479, 0.251104
0.47925, 0.250968
0.4795, 0.250831
0.47975, 0.250694
0.48, 0.250558
0.48025, 0.250421
0.4805, 0.250284
0.48075, 0.250148
0.481, 0.250011
0.48125, 0.249875
0.4815, 0.249738
0.48175, 0.249602
0.482, 0.249465
0.48225, 0.249329
0.4825, 0.249193
0.48275, 0.249056
0.483, 0.24892
0.48325, 0.248783
0.4835, 0.248647
0.48375, 0.248511
0.484, 0.248375
0.48425, 0.248238
0.4845, 0.248102
0.48475, 0.247966
0.485, 0.24783
0.48525, 0.247694
0.4855, 0.247558
0.48575, 0.247422
0.486, 0.247286
0.48625, 0.247149
0.4865, 0.247014
0.48675, 0.246878
0.487, 0.246742
0.48725, 0.246606
0.4875, 0.24647
0.48775, 0.246334
0.488, 0.246198
0.48825, 0.246062
0.4885, 0.245927
0.48875, 0.245791
0.489, 0.245655
0.48925, 0.245519
0.4895, 0.245384
0.48975, 0.245248
0.49, 0.245112
0.49025, 0.244977
0.4905, 0.244841
0.49075, 0.244706
0.491, 0.24457
0.49125, 0.244435
0.4915, 0.244299
0.49175, 0.244164
0.492, 0.244029
0.49225, 0.243893
0.4925, 0.243758
0.49275, 0.243623
0.493, 0.243487
0.49325, 0.243352
0.4935, 0.243217
0.49375, 0.243082
0.494, 0.242947
0.49425, 0.242812
0.4945, 0.242676
0.49475, 0.242541
0.495, 0.242406
0.49525, 0.242271
0.4955, 0.242136
0.49575, 0.242002
0.496, 0.241867
0.49625, 0.241732
0.4965, 0.241597
0.49675, 0.241462
0.497, 0.241327
0.49725, 0.241193
0.4975, 0.241058
0.49775, 0.240923
0.498, 0.240789
0.49825, 0.240654
0.4985, 0.240519
0.49875, 0.240385
0.499, 0.24025
0.49925, 0.240116
0.4995, 0.239982
0.49975, 0.239847
