0.5, 0 
0.50025, 1.51937e-05 
0.5005, 3.03949e-05 
0.50075, 4.56037e-05 
0.501, 6.08202e-05 
0.50125, 7.60442e-05 
0.5015, 9.12758e-05 
0.50175, 0.000106515 
0.502, 0.000121762 
0.50225, 0.000137016 
0.5025, 0.000152278 
0.50275, 0.000167547 
0.503, 0.000182824 
0.50325, 0.000198109 
0.5035, 0.000213401 
0.50375, 0.000228701 
0.504, 0.000244008 
0.50425, 0.000259323 
0.5045, 0.000274646 
0.50475, 0.000289975 
0.505, 0.000305313 
0.50525, 0.000320658 
0.5055, 0.000336011 
0.50575, 0.000351371 
0.506, 0.000366738 
0.50625, 0.000382114 
0.5065, 0.000397496 
0.50675, 0.000412886 
0.507, 0.000428284 
0.50725, 0.000443689 
0.5075, 0.000459102 
0.50775, 0.000474522 
0.508, 0.00048995 
0.50825, 0.000505385 
0.5085, 0.000520828 
0.50875, 0.000536278 
0.509, 0.000551736 
0.50925, 0.000567201 
0.5095, 0.000582674 
0.50975, 0.000598154 
0.51, 0.000613641 
0.51025, 0.000629136 
0.5105, 0.000644639 
0.51075, 0.000660149 
0.511, 0.000675666 
0.51125, 0.000691191 
0.5115, 0.000706723 
0.51175, 0.000722263 
0.512, 0.00073781 
0.51225, 0.000753364 
0.5125, 0.000768926 
0.51275, 0.000784495 
0.513, 0.000800072 
0.51325, 0.000815656 
0.5135, 0.000831248 
0.51375, 0.000846846 
0.514, 0.000862453 
0.51425, 0.000878066 
0.5145, 0.000893687 
0.51475, 0.000909315 
0.515, 0.000924951 
0.51525, 0.000940594 
0.5155, 0.000956244 
0.51575, 0.000971902 
0.516, 0.000987567 
0.51625, 0.00100324 
0.5165, 0.00101892 
0.51675, 0.00103461 
0.517, 0.0010503 
0.51725, 0.001066 
0.5175, 0.00108171 
0.51775, 0.00109743 
0.518, 0.00111315 
0.51825, 0.00112888 
0.5185, 0.00114462 
0.51875, 0.00116036 
0.519, 0.00117611 
0.51925, 0.00119187 
0.5195, 0.00120764 
0.51975, 0.00122341 
0.52, 0.00123919 
0.52025, 0.00125498 
0.5205, 0.00127078 
0.52075, 0.00128658 
0.521, 0.00130239 
0.52125, 0.00131821 
0.5215, 0.00133403 
0.52175, 0.00134986 
0.522, 0.0013657 
0.52225, 0.00138155 
0.5225, 0.0013974 
0.52275, 0.00141326 
0.523, 0.00142912 
0.52325, 0.001445 
0.5235, 0.00146088 
0.52375, 0.00147677 
0.524, 0.00149266 
0.52425, 0.00150856 
0.5245, 0.00152447 
0.52475, 0.00154039 
0.525, 0.00155631 
0.52525, 0.00157224 
0.5255, 0.00158818 
0.52575, 0.00160412 
0.526, 0.00162007 
0.52625, 0.00163603 
0.5265, 0.001652 
0.52675, 0.00166797 
0.527, 0.00168395 
0.52725, 0.00169993 
0.5275, 0.00171593 
0.52775, 0.00173193 
0.528, 0.00174793 
0.52825, 0.00176394 
0.5285, 0.00177997 
0.52875, 0.00179599 
0.529, 0.00181203 
0.52925, 0.00182807 
0.5295, 0.00184411 
0.52975, 0.00186017 
0.53, 0.00187623 
0.53025, 0.0018923 
0.5305, 0.00190837 
0.53075, 0.00192445 
0.531, 0.00194054 
0.53125, 0.00195664 
0.5315, 0.00197274 
0.53175, 0.00198885 
0.532, 0.00200496 
0.53225, 0.00202108 
0.5325, 0.00203721 
0.53275, 0.00205335 
0.533, 0.00206949 
0.53325, 0.00208564 
0.5335, 0.00210179 
0.53375, 0.00211796 
0.534, 0.00213412 
0.53425, 0.0021503 
0.5345, 0.00216648 
0.53475, 0.00218267 
0.535, 0.00219886 
0.53525, 0.00221506 
0.5355, 0.00223127 
0.53575, 0.00224749 
0.536, 0.00226371 
0.53625, 0.00227993 
0.5365, 0.00229617 
0.53675, 0.00231241 
0.537, 0.00232865 
0.53725, 0.00234491 
0.5375, 0.00236117 
0.53775, 0.00237743 
0.538, 0.0023937 
0.53825, 0.00240998 
0.5385, 0.00242627 
0.53875, 0.00244256 
0.539, 0.00245886 
0.53925, 0.00247516 
0.5395, 0.00249147 
0.53975, 0.00250779 
0.54, 0.00252411 
0.54025, 0.00254044 
0.5405, 0.00255678 
0.54075, 0.00257312 
0.541, 0.00258946 
0.54125, 0.00260582 
0.5415, 0.00262218 
0.54175, 0.00263855 
0.542, 0.00265492 
0.54225, 0.0026713 
0.5425, 0.00268768 
0.54275, 0.00270407 
0.543, 0.00272047 
0.54325, 0.00273687 
0.5435, 0.00275328 
0.54375, 0.0027697 
0.544, 0.00278612 
0.54425, 0.00280255 
0.5445, 0.00281898 
0.54475, 0.00283542 
0.545, 0.00285186 
0.54525, 0.00286831 
0.5455, 0.00288477 
0.54575, 0.00290123 
0.546, 0.0029177 
0.54625, 0.00293418 
0.5465, 0.00295066 
0.54675, 0.00296714 
0.547, 0.00298364 
0.54725, 0.00300013 
0.5475, 0.00301664 
0.54775, 0.00303315 
0.548, 0.00304966 
0.54825, 0.00306619 
0.5485, 0.00308271 
0.54875, 0.00309924 
0.549, 0.00311578 
0.54925, 0.00313233 
0.5495, 0.00314888 
0.54975, 0.00316543 
0.55, 0.00318199 
0.55025, 0.00319856 
0.5505, 0.00321513 
0.55075, 0.00323171 
0.551, 0.00324829 
0.55125, 0.00326488 
0.5515, 0.00328147 
0.55175, 0.00329807 
0.552, 0.00331468 
0.55225, 0.00333129 
0.5525, 0.00334791 
0.55275, 0.00336453 
0.553, 0.00338115 
0.55325, 0.00339779 
0.5535, 0.00341442 
0.55375, 0.00343107 
0.554, 0.00344772 
0.55425, 0.00346437 
0.5545, 0.00348103 
0.55475, 0.00349769 
0.555, 0.00351436 
0.55525, 0.00353104 
0.5555, 0.00354772 
0.55575, 0.0035644 
0.556, 0.00358109 
0.55625, 0.00359779 
0.5565, 0.00361449 
0.55675, 0.00363119 
0.557, 0.0036479 
0.55725, 0.00366462 
0.5575, 0.00368134 
0.55775, 0.00369807 
0.558, 0.0037148 
0.55825, 0.00373153 
0.5585, 0.00374827 
0.55875, 0.00376502 
0.559, 0.00378177 
0.55925, 0.00379852 
0.5595, 0.00381528 
0.55975, 0.00383205 
0.56, 0.00384882 
0.56025, 0.00386559 
0.5605, 0.00388237 
0.56075, 0.00389916 
0.561, 0.00391595 
0.56125, 0.00393274 
0.5615, 0.00394954 
0.56175, 0.00396634 
0.562, 0.00398315 
0.56225, 0.00399996 
0.5625, 0.00401678 
0.56275, 0.0040336 
0.563, 0.00405043 
0.56325, 0.00406726 
0.5635, 0.00408409 
0.56375, 0.00410093 
0.564, 0.00411778 
0.56425, 0.00413463 
0.5645, 0.00415148 
0.56475, 0.00416834 
0.565, 0.0041852 
0.56525, 0.00420207 
0.5655, 0.00421894 
0.56575, 0.00423581 
0.566, 0.00425269 
0.56625, 0.00426958 
0.5665, 0.00428646 
0.56675, 0.00430336 
0.567, 0.00432025 
0.56725, 0.00433715 
0.5675, 0.00435406 
0.56775, 0.00437097 
0.568, 0.00438788 
0.56825, 0.0044048 
0.5685, 0.00442172 
0.56875, 0.00443864 
0.569, 0.00445557 
0.56925, 0.00447251 
0.5695, 0.00448944 
0.56975, 0.00450638 
0.57, 0.00452333 
0.57025, 0.00454028 
0.5705, 0.00455723 
0.57075, 0.00457419 
0.571, 0.00459115 
0.57125, 0.00460811 
0.5715, 0.00462508 
0.57175, 0.00464205 
0.572, 0.00465903 
0.57225, 0.00467601 
0.5725, 0.00469299 
0.57275, 0.00470997 
0.573, 0.00472696 
0.57325, 0.00474396 
0.5735, 0.00476096 
0.57375, 0.00477796 
0.574, 0.00479496 
0.57425, 0.00481197 
0.5745, 0.00482898 
0.57475, 0.00484599 
0.575, 0.00486301 
0.57525, 0.00488003 
0.5755, 0.00489706 
0.57575, 0.00491409 
0.576, 0.00493112 
0.57625, 0.00494815 
0.5765, 0.00496519 
0.57675, 0.00498223 
0.577, 0.00499928 
0.57725, 0.00501632 
0.5775, 0.00503338 
0.57775, 0.00505043 
0.578, 0.00506749 
0.57825, 0.00508455 
0.5785, 0.00510161 
0.57875, 0.00511868 
0.579, 0.00513574 
0.57925, 0.00515282 
0.5795, 0.00516989 
0.57975, 0.00518697 
0.58, 0.00520405 
0.58025, 0.00522113 
0.5805, 0.00523822 
0.58075, 0.00525531 
0.581, 0.0052724 
0.58125, 0.0052895 
0.5815, 0.00530659 
0.58175, 0.00532369 
0.582, 0.0053408 
0.58225, 0.0053579 
0.5825, 0.00537501 
0.58275, 0.00539212 
0.583, 0.00540923 
0.58325, 0.00542635 
0.5835, 0.00544347 
0.58375, 0.00546059 
0.584, 0.00547771 
0.58425, 0.00549484 
0.5845, 0.00551196 
0.58475, 0.00552909 
0.585, 0.00554623 
0.58525, 0.00556336 
0.5855, 0.0055805 
0.58575, 0.00559764 
0.586, 0.00561478 
0.58625, 0.00563192 
0.5865, 0.00564907 
0.58675, 0.00566621 
0.587, 0.00568336 
0.58725, 0.00570051 
0.5875, 0.00571767 
0.58775, 0.00573482 
0.588, 0.00575198 
0.58825, 0.00576914 
0.5885, 0.0057863 
0.58875, 0.00580347 
0.589, 0.00582063 
0.58925, 0.0058378 
0.5895, 0.00585497 
0.58975, 0.00587214 
0.59, 0.00588931 
0.59025, 0.00590648 
0.5905, 0.00592366 
0.59075, 0.00594084 
0.591, 0.00595802 
0.59125, 0.0059752 
0.5915, 0.00599238 
0.59175, 0.00600956 
0.592, 0.00602675 
0.59225, 0.00604393 
0.5925, 0.00606112 
0.59275, 0.00607831 
0.593, 0.0060955 
0.59325, 0.00611269 
0.5935, 0.00612988 
0.59375, 0.00614708 
0.594, 0.00616427 
0.59425, 0.00618147 
0.5945, 0.00619867 
0.59475, 0.00621586 
0.595, 0.00623306 
0.59525, 0.00625026 
0.5955, 0.00626747 
0.59575, 0.00628467 
0.596, 0.00630187 
0.59625, 0.00631908 
0.5965, 0.00633628 
0.59675, 0.00635349 
0.597, 0.0063707 
0.59725, 0.0063879 
0.5975, 0.00640511 
0.59775, 0.00642232 
0.598, 0.00643953 
0.59825, 0.00645674 
0.5985, 0.00647396 
0.59875, 0.00649117 
0.599, 0.00650838 
0.59925, 0.00652559 
0.5995, 0.00654281 
0.59975, 0.00656002 
0.6, 0.00657723 
0.60025, 0.00659445 
0.6005, 0.00661166 
0.60075, 0.00662888 
0.601, 0.0066461 
0.60125, 0.00666331 
0.6015, 0.00668053 
0.60175, 0.00669774 
0.602, 0.00671496 
0.60225, 0.00673218 
0.6025, 0.00674939 
0.60275, 0.00676661 
0.603, 0.00678383 
0.60325, 0.00680104 
0.6035, 0.00681826 
0.60375, 0.00683548 
0.604, 0.00685269 
0.60425, 0.00686991 
0.6045, 0.00688713 
0.60475, 0.00690434 
0.605, 0.00692156 
0.60525, 0.00693877 
0.6055, 0.00695599 
0.60575, 0.0069732 
0.606, 0.00699042 
0.60625, 0.00700763 
0.6065, 0.00702484 
0.60675, 0.00704206 
0.607, 0.00705927 
0.60725, 0.00707648 
0.6075, 0.00709369 
0.60775, 0.0071109 
0.608, 0.00712811 
0.60825, 0.00714532 
0.6085, 0.00716253 
0.60875, 0.00717973 
0.609, 0.00719694 
0.60925, 0.00721415 
0.6095, 0.00723135 
0.60975, 0.00724855 
0.61, 0.00726576 
0.61025, 0.00728296 
0.6105, 0.00730016 
0.61075, 0.00731736 
0.611, 0.00733456 
0.61125, 0.00735175 
0.6115, 0.00736895 
0.61175, 0.00738614 
0.612, 0.00740334 
0.61225, 0.00742053 
0.6125, 0.00743772 
0.61275, 0.00745491 
0.613, 0.0074721 
0.61325, 0.00748928 
0.6135, 0.00750647 
0.61375, 0.00752365 
0.614, 0.00754083 
0.61425, 0.00755801 
0.6145, 0.00757519 
0.61475, 0.00759237 
0.615, 0.00760954 
0.61525, 0.00762671 
0.6155, 0.00764389 
0.61575, 0.00766106 
0.616, 0.00767822 
0.61625, 0.00769539 
0.6165, 0.00771255 
0.61675, 0.00772971 
0.617, 0.00774687 
0.61725, 0.00776403 
0.6175, 0.00778119 
0.61775, 0.00779834 
0.618, 0.00781549 
0.61825, 0.00783264 
0.6185, 0.00784979 
0.61875, 0.00786693 
0.619, 0.00788407 
0.61925, 0.00790121 
0.6195, 0.00791835 
0.61975, 0.00793548 
0.62, 0.00795261 
0.62025, 0.00796974 
0.6205, 0.00798687 
0.62075, 0.00800399 
0.621, 0.00802112 
0.62125, 0.00803823 
0.6215, 0.00805535 
0.62175, 0.00807246 
0.622, 0.00808957 
0.62225, 0.00810668 
0.6225, 0.00812379 
0.62275, 0.00814089 
0.623, 0.00815799 
0.62325, 0.00817508 
0.6235, 0.00819218 
0.62375, 0.00820926 
0.624, 0.00822635 
0.62425, 0.00824343 
0.6245, 0.00826051 
0.62475, 0.00827759 
0.625, 0.00829466 
0.62525, 0.00831173 
0.6255, 0.0083288 
0.62575, 0.00834586 
0.626, 0.00836292 
0.62625, 0.00837998 
0.6265, 0.00839703 
0.62675, 0.00841408 
0.627, 0.00843113 
0.62725, 0.00844817 
0.6275, 0.0084652 
0.62775, 0.00848224 
0.628, 0.00849927 
0.62825, 0.00851629 
0.6285, 0.00853332 
0.62875, 0.00855034 
0.629, 0.00856735 
0.62925, 0.00858436 
0.6295, 0.00860137 
0.62975, 0.00861837 
0.63, 0.00863537 
0.63025, 0.00865236 
0.6305, 0.00866935 
0.63075, 0.00868634 
0.631, 0.00870332 
0.63125, 0.00872029 
0.6315, 0.00873727 
0.63175, 0.00875424 
0.632, 0.0087712 
0.63225, 0.00878816 
0.6325, 0.00880511 
0.63275, 0.00882206 
0.633, 0.00883901 
0.63325, 0.00885595 
0.6335, 0.00887288 
0.63375, 0.00888981 
0.634, 0.00890674 
0.63425, 0.00892366 
0.6345, 0.00894058 
0.63475, 0.00895749 
0.635, 0.00897439 
0.63525, 0.00899129 
0.6355, 0.00900819 
0.63575, 0.00902508 
0.636, 0.00904197 
0.63625, 0.00905885 
0.6365, 0.00907572 
0.63675, 0.00909259 
0.637, 0.00910946 
0.63725, 0.00912632 
0.6375, 0.00914317 
0.63775, 0.00916002 
0.638, 0.00917686 
0.63825, 0.0091937 
0.6385, 0.00921053 
0.63875, 0.00922736 
0.639, 0.00924418 
0.63925, 0.00926099 
0.6395, 0.0092778 
0.63975, 0.0092946 
0.64, 0.0093114 
0.64025, 0.00932819 
0.6405, 0.00934497 
0.64075, 0.00936175 
0.641, 0.00937853 
0.64125, 0.00939529 
0.6415, 0.00941205 
0.64175, 0.00942881 
0.642, 0.00944556 
0.64225, 0.0094623 
0.6425, 0.00947903 
0.64275, 0.00949576 
0.643, 0.00951248 
0.64325, 0.0095292 
0.6435, 0.00954591 
0.64375, 0.00956261 
0.644, 0.00957931 
0.64425, 0.009596 
0.6445, 0.00961268 
0.64475, 0.00962936 
0.645, 0.00964603 
0.64525, 0.00966269 
0.6455, 0.00967935 
0.64575, 0.009696 
0.646, 0.00971264 
0.64625, 0.00972927 
0.6465, 0.0097459 
0.64675, 0.00976252 
0.647, 0.00977914 
0.64725, 0.00979574 
0.6475, 0.00981234 
0.64775, 0.00982893 
0.648, 0.00984552 
0.64825, 0.00986209 
0.6485, 0.00987866 
0.64875, 0.00989523 
0.649, 0.00991178 
0.64925, 0.00992833 
0.6495, 0.00994487 
0.64975, 0.0099614 
0.65, 0.00997792 
0.65025, 0.00999444 
0.6505, 0.0100109 
0.65075, 0.0100274 
0.651, 0.0100439 
0.65125, 0.0100604 
0.6515, 0.0100769 
0.65175, 0.0100934 
0.652, 0.0101098 
0.65225, 0.0101263 
0.6525, 0.0101427 
0.65275, 0.0101592 
0.653, 0.0101756 
0.65325, 0.010192 
0.6535, 0.0102084 
0.65375, 0.0102248 
0.654, 0.0102412 
0.65425, 0.0102576 
0.6545, 0.010274 
0.65475, 0.0102903 
0.655, 0.0103067 
0.65525, 0.0103231 
0.6555, 0.0103394 
0.65575, 0.0103557 
0.656, 0.0103721 
0.65625, 0.0103884 
0.6565, 0.0104047 
0.65675, 0.010421 
0.657, 0.0104373 
0.65725, 0.0104535 
0.6575, 0.0104698 
0.65775, 0.0104861 
0.658, 0.0105023 
0.65825, 0.0105186 
0.6585, 0.0105348 
0.65875, 0.010551 
0.659, 0.0105672 
0.65925, 0.0105834 
0.6595, 0.0105996 
0.65975, 0.0106158 
0.66, 0.010632 
0.66025, 0.0106482 
0.6605, 0.0106643 
0.66075, 0.0106805 
0.661, 0.0106966 
0.66125, 0.0107127 
0.6615, 0.0107288 
0.66175, 0.0107449 
0.662, 0.010761 
0.66225, 0.0107771 
0.6625, 0.0107932 
0.66275, 0.0108093 
0.663, 0.0108253 
0.66325, 0.0108414 
0.6635, 0.0108574 
0.66375, 0.0108734 
0.664, 0.0108894 
0.66425, 0.0109054 
0.6645, 0.0109214 
0.66475, 0.0109374 
0.665, 0.0109534 
0.66525, 0.0109694 
0.6655, 0.0109853 
0.66575, 0.0110012 
0.666, 0.0110172 
0.66625, 0.0110331 
0.6665, 0.011049 
0.66675, 0.0110649 
0.667, 0.0110808 
0.66725, 0.0110967 
0.6675, 0.0111125 
0.66775, 0.0111284 
0.668, 0.0111442 
0.66825, 0.01116 
0.6685, 0.0111759 
0.66875, 0.0111917 
0.669, 0.0112075 
0.66925, 0.0112232 
0.6695, 0.011239 
0.66975, 0.0112548 
0.67, 0.0112705 
0.67025, 0.0112863 
0.6705, 0.011302 
0.67075, 0.0113177 
0.671, 0.0113334 
0.67125, 0.0113491 
0.6715, 0.0113648 
0.67175, 0.0113804 
0.672, 0.0113961 
0.67225, 0.0114117 
0.6725, 0.0114273 
0.67275, 0.011443 
0.673, 0.0114586 
0.67325, 0.0114742 
0.6735, 0.0114897 
0.67375, 0.0115053 
0.674, 0.0115209 
0.67425, 0.0115364 
0.6745, 0.0115519 
0.67475, 0.0115674 
0.675, 0.0115829 
0.67525, 0.0115984 
0.6755, 0.0116139 
0.67575, 0.0116294 
0.676, 0.0116448 
0.67625, 0.0116603 
0.6765, 0.0116757 
0.67675, 0.0116911 
0.677, 0.0117065 
0.67725, 0.0117219 
0.6775, 0.0117373 
0.67775, 0.0117526 
0.678, 0.011768 
0.67825, 0.0117833 
0.6785, 0.0117986 
0.67875, 0.0118139 
0.679, 0.0118292 
0.67925, 0.0118445 
0.6795, 0.0118598 
0.67975, 0.011875 
0.68, 0.0118903 
0.68025, 0.0119055 
0.6805, 0.0119207 
0.68075, 0.0119359 
0.681, 0.0119511 
0.68125, 0.0119662 
0.6815, 0.0119814 
0.68175, 0.0119965 
0.682, 0.0120117 
0.68225, 0.0120268 
0.6825, 0.0120419 
0.68275, 0.012057 
0.683, 0.012072 
0.68325, 0.0120871 
0.6835, 0.0121021 
0.68375, 0.0121171 
0.684, 0.0121322 
0.68425, 0.0121471 
0.6845, 0.0121621 
0.68475, 0.0121771 
0.685, 0.012192 
0.68525, 0.012207 
0.6855, 0.0122219 
0.68575, 0.0122368 
0.686, 0.0122517 
0.68625, 0.0122666 
0.6865, 0.0122814 
0.68675, 0.0122963 
0.687, 0.0123111 
0.68725, 0.0123259 
0.6875, 0.0123407 
0.68775, 0.0123555 
0.688, 0.0123703 
0.68825, 0.012385 
0.6885, 0.0123998 
0.68875, 0.0124145 
0.689, 0.0124292 
0.68925, 0.0124439 
0.6895, 0.0124586 
0.68975, 0.0124732 
0.69, 0.0124879 
0.69025, 0.0125025 
0.6905, 0.0125171 
0.69075, 0.0125317 
0.691, 0.0125463 
0.69125, 0.0125608 
0.6915, 0.0125754 
0.69175, 0.0125899 
0.692, 0.0126044 
0.69225, 0.0126189 
0.6925, 0.0126334 
0.69275, 0.0126479 
0.693, 0.0126623 
0.69325, 0.0126767 
0.6935, 0.0126912 
0.69375, 0.0127056 
0.694, 0.0127199 
0.69425, 0.0127343 
0.6945, 0.0127486 
0.69475, 0.012763 
0.695, 0.0127773 
0.69525, 0.0127916 
0.6955, 0.0128059 
0.69575, 0.0128201 
0.696, 0.0128344 
0.69625, 0.0128486 
0.6965, 0.0128628 
0.69675, 0.012877 
0.697, 0.0128912 
0.69725, 0.0129053 
0.6975, 0.0129195 
0.69775, 0.0129336 
0.698, 0.0129477 
0.69825, 0.0129618 
0.6985, 0.0129758 
0.69875, 0.0129899 
0.699, 0.0130039 
0.69925, 0.0130179 
0.6995, 0.0130319 
0.69975, 0.0130459 
0.7, 0.0130599 
0.70025, 0.0130738 
0.7005, 0.0130877 
0.70075, 0.0131016 
0.701, 0.0131155 
0.70125, 0.0131294 
0.7015, 0.0131432 
0.70175, 0.0131571 
0.702, 0.0131709 
0.70225, 0.0131847 
0.7025, 0.0131984 
0.70275, 0.0132122 
0.703, 0.0132259 
0.70325, 0.0132396 
0.7035, 0.0132533 
0.70375, 0.013267 
0.704, 0.0132807 
0.70425, 0.0132943 
0.7045, 0.0133079 
0.70475, 0.0133215 
0.705, 0.0133351 
0.70525, 0.0133487 
0.7055, 0.0133622 
0.70575, 0.0133758 
0.706, 0.0133893 
0.70625, 0.0134028 
0.7065, 0.0134162 
0.70675, 0.0134297 
0.707, 0.0134431 
0.70725, 0.0134565 
0.7075, 0.0134699 
0.70775, 0.0134833 
0.708, 0.0134966 
0.70825, 0.0135099 
0.7085, 0.0135232 
0.70875, 0.0135365 
0.709, 0.0135498 
0.70925, 0.013563 
0.7095, 0.0135763 
0.70975, 0.0135895 
0.71, 0.0136026 
0.71025, 0.0136158 
0.7105, 0.013629 
0.71075, 0.0136421 
0.711, 0.0136552 
0.71125, 0.0136683 
0.7115, 0.0136813 
0.71175, 0.0136944 
0.712, 0.0137074 
0.71225, 0.0137204 
0.7125, 0.0137334 
0.71275, 0.0137463 
0.713, 0.0137592 
0.71325, 0.0137722 
0.7135, 0.0137851 
0.71375, 0.0137979 
0.714, 0.0138108 
0.71425, 0.0138236 
0.7145, 0.0138364 
0.71475, 0.0138492 
0.715, 0.013862 
0.71525, 0.0138747 
0.7155, 0.0138874 
0.71575, 0.0139001 
0.716, 0.0139128 
0.71625, 0.0139254 
0.7165, 0.0139381 
0.71675, 0.0139507 
0.717, 0.0139633 
0.71725, 0.0139758 
0.7175, 0.0139884 
0.71775, 0.0140009 
0.718, 0.0140134 
0.71825, 0.0140259 
0.7185, 0.0140383 
0.71875, 0.0140508 
0.719, 0.0140632 
0.71925, 0.0140755 
0.7195, 0.0140879 
0.71975, 0.0141003 
0.72, 0.0141126 
0.72025, 0.0141249 
0.7205, 0.0141371 
0.72075, 0.0141494 
0.721, 0.0141616 
0.72125, 0.0141738 
0.7215, 0.014186 
0.72175, 0.0141981 
0.722, 0.0142103 
0.72225, 0.0142224 
0.7225, 0.0142345 
0.72275, 0.0142465 
0.723, 0.0142586 
0.72325, 0.0142706 
0.7235, 0.0142826 
0.72375, 0.0142946 
0.724, 0.0143065 
0.72425, 0.0143184 
0.7245, 0.0143303 
0.72475, 0.0143422 
0.725, 0.014354 
0.72525, 0.0143659 
0.7255, 0.0143777 
0.72575, 0.0143894 
0.726, 0.0144012 
0.72625, 0.0144129 
0.7265, 0.0144246 
0.72675, 0.0144363 
0.727, 0.014448 
0.72725, 0.0144596 
0.7275, 0.0144712 
0.72775, 0.0144828 
0.728, 0.0144943 
0.72825, 0.0145059 
0.7285, 0.0145174 
0.72875, 0.0145288 
0.729, 0.0145403 
0.72925, 0.0145517 
0.7295, 0.0145631 
0.72975, 0.0145745 
0.73, 0.0145859 
0.73025, 0.0145972 
0.7305, 0.0146085 
0.73075, 0.0146198 
0.731, 0.014631 
0.73125, 0.0146423 
0.7315, 0.0146535 
0.73175, 0.0146646 
0.732, 0.0146758 
0.73225, 0.0146869 
0.7325, 0.014698 
0.73275, 0.0147091 
0.733, 0.0147201 
0.73325, 0.0147312 
0.7335, 0.0147422 
0.73375, 0.0147531 
0.734, 0.0147641 
0.73425, 0.014775 
0.7345, 0.0147859 
0.73475, 0.0147968 
0.735, 0.0148076 
0.73525, 0.0148184 
0.7355, 0.0148292 
0.73575, 0.01484 
0.736, 0.0148507 
0.73625, 0.0148614 
0.7365, 0.0148721 
0.73675, 0.0148827 
0.737, 0.0148933 
0.73725, 0.0149039 
0.7375, 0.0149145 
0.73775, 0.0149251 
0.738, 0.0149356 
0.73825, 0.0149461 
0.7385, 0.0149565 
0.73875, 0.014967 
0.739, 0.0149774 
0.73925, 0.0149878 
0.7395, 0.0149981 
0.73975, 0.0150084 
0.74, 0.0150187 
0.74025, 0.015029 
0.7405, 0.0150392 
0.74075, 0.0150495 
0.741, 0.0150596 
0.74125, 0.0150698 
0.7415, 0.0150799 
0.74175, 0.01509 
0.742, 0.0151001 
0.74225, 0.0151102 
0.7425, 0.0151202 
0.74275, 0.0151302 
0.743, 0.0151401 
0.74325, 0.0151501 
0.7435, 0.01516 
0.74375, 0.0151698 
0.744, 0.0151797 
0.74425, 0.0151895 
0.7445, 0.0151993 
0.74475, 0.0152091 
0.745, 0.0152188 
0.74525, 0.0152285 
0.7455, 0.0152382 
0.74575, 0.0152478 
0.746, 0.0152574 
0.74625, 0.015267 
0.7465, 0.0152766 
0.74675, 0.0152861 
0.747, 0.0152956 
0.74725, 0.0153051 
0.7475, 0.0153145 
0.74775, 0.0153239 
0.748, 0.0153333 
0.74825, 0.0153427 
0.7485, 0.015352 
0.74875, 0.0153613 
0.749, 0.0153705 
0.74925, 0.0153798 
0.7495, 0.015389 
0.74975, 0.0153981 
0.75, 0.0154073 
0.75025, 0.0154164 
0.7505, 0.0154255 
0.75075, 0.0154345 
0.751, 0.0154436 
0.75125, 0.0154525 
0.7515, 0.0154615 
0.75175, 0.0154704 
0.752, 0.0154793 
0.75225, 0.0154882 
0.7525, 0.015497 
0.75275, 0.0155058 
0.753, 0.0155146 
0.75325, 0.0155234 
0.7535, 0.0155321 
0.75375, 0.0155408 
0.754, 0.0155494 
0.75425, 0.015558 
0.7545, 0.0155666 
0.75475, 0.0155752 
0.755, 0.0155837 
0.75525, 0.0155922 
0.7555, 0.0156007 
0.75575, 0.0156091 
0.756, 0.0156175 
0.75625, 0.0156259 
0.7565, 0.0156342 
0.75675, 0.0156425 
0.757, 0.0156508 
0.75725, 0.0156591 
0.7575, 0.0156673 
0.75775, 0.0156754 
0.758, 0.0156836 
0.75825, 0.0156917 
0.7585, 0.0156998 
0.75875, 0.0157078 
0.759, 0.0157159 
0.75925, 0.0157239 
0.7595, 0.0157318 
0.75975, 0.0157397 
0.76, 0.0157476 
0.76025, 0.0157555 
0.7605, 0.0157633 
0.76075, 0.0157711 
0.761, 0.0157788 
0.76125, 0.0157866 
0.7615, 0.0157943 
0.76175, 0.0158019 
0.762, 0.0158096 
0.76225, 0.0158171 
0.7625, 0.0158247 
0.76275, 0.0158322 
0.763, 0.0158397 
0.76325, 0.0158472 
0.7635, 0.0158546 
0.76375, 0.015862 
0.764, 0.0158694 
0.76425, 0.0158767 
0.7645, 0.015884 
0.76475, 0.0158913 
0.765, 0.0158985 
0.76525, 0.0159057 
0.7655, 0.0159128 
0.76575, 0.01592 
0.766, 0.015927 
0.76625, 0.0159341 
0.7665, 0.0159411 
0.76675, 0.0159481 
0.767, 0.0159551 
0.76725, 0.015962 
0.7675, 0.0159689 
0.76775, 0.0159757 
0.768, 0.0159825 
0.76825, 0.0159893 
0.7685, 0.0159961 
0.76875, 0.0160028 
0.769, 0.0160094 
0.76925, 0.0160161 
0.7695, 0.0160227 
0.76975, 0.0160293 
0.77, 0.0160358 
0.77025, 0.0160423 
0.7705, 0.0160488 
0.77075, 0.0160552 
0.771, 0.0160616 
0.77125, 0.016068 
0.7715, 0.0160743 
0.77175, 0.0160806 
0.772, 0.0160868 
0.77225, 0.0160931 
0.7725, 0.0160992 
0.77275, 0.0161054 
0.773, 0.0161115 
0.77325, 0.0161176 
0.7735, 0.0161236 
0.77375, 0.0161296 
0.774, 0.0161356 
0.77425, 0.0161415 
0.7745, 0.0161474 
0.77475, 0.0161533 
0.775, 0.0161591 
0.77525, 0.0161649 
0.7755, 0.0161707 
0.77575, 0.0161764 
0.776, 0.0161821 
0.77625, 0.0161877 
0.7765, 0.0161933 
0.77675, 0.0161989 
0.777, 0.0162044 
0.77725, 0.0162099 
0.7775, 0.0162154 
0.77775, 0.0162208 
0.778, 0.0162262 
0.77825, 0.0162315 
0.7785, 0.0162368 
0.77875, 0.0162421 
0.779, 0.0162473 
0.77925, 0.0162525 
0.7795, 0.0162577 
0.77975, 0.0162628 
0.78, 0.0162679 
0.78025, 0.016273 
0.7805, 0.016278 
0.78075, 0.0162829 
0.781, 0.0162879 
0.78125, 0.0162928 
0.7815, 0.0162976 
0.78175, 0.0163025 
0.782, 0.0163073 
0.78225, 0.016312 
0.7825, 0.0163167 
0.78275, 0.0163214 
0.783, 0.016326 
0.78325, 0.0163306 
0.7835, 0.0163352 
0.78375, 0.0163397 
0.784, 0.0163442 
0.78425, 0.0163486 
0.7845, 0.016353 
0.78475, 0.0163574 
0.785, 0.0163617 
0.78525, 0.016366 
0.7855, 0.0163702 
0.78575, 0.0163744 
0.786, 0.0163786 
0.78625, 0.0163827 
0.7865, 0.0163868 
0.78675, 0.0163909 
0.787, 0.0163949 
0.78725, 0.0163989 
0.7875, 0.0164028 
0.78775, 0.0164067 
0.788, 0.0164106 
0.78825, 0.0164144 
0.7885, 0.0164182 
0.78875, 0.0164219 
0.789, 0.0164256 
0.78925, 0.0164293 
0.7895, 0.0164329 
0.78975, 0.0164365 
0.79, 0.01644 
0.79025, 0.0164435 
0.7905, 0.016447 
0.79075, 0.0164504 
0.791, 0.0164537 
0.79125, 0.0164571 
0.7915, 0.0164604 
0.79175, 0.0164636 
0.792, 0.0164669 
0.79225, 0.01647 
0.7925, 0.0164732 
0.79275, 0.0164763 
0.793, 0.0164793 
0.79325, 0.0164823 
0.7935, 0.0164853 
0.79375, 0.0164882 
0.794, 0.0164911 
0.79425, 0.016494 
0.7945, 0.0164968 
0.79475, 0.0164996 
0.795, 0.0165023 
0.79525, 0.016505 
0.7955, 0.0165076 
0.79575, 0.0165102 
0.796, 0.0165128 
0.79625, 0.0165153 
0.7965, 0.0165178 
0.79675, 0.0165202 
0.797, 0.0165226 
0.79725, 0.016525 
0.7975, 0.0165273 
0.79775, 0.0165296 
0.798, 0.0165318 
0.79825, 0.016534 
0.7985, 0.0165361 
0.79875, 0.0165382 
0.799, 0.0165403 
0.79925, 0.0165423 
0.7995, 0.0165443 
0.79975, 0.0165462 
0.8, 0.0165481 
0.80025, 0.01655 
0.8005, 0.0165518 
0.80075, 0.0165536 
0.801, 0.0165553 
0.80125, 0.016557 
0.8015, 0.0165586 
0.80175, 0.0165602 
0.802, 0.0165618 
0.80225, 0.0165633 
0.8025, 0.0165647 
0.80275, 0.0165662 
0.803, 0.0165675 
0.80325, 0.0165689 
0.8035, 0.0165702 
0.80375, 0.0165714 
0.804, 0.0165726 
0.80425, 0.0165738 
0.8045, 0.0165749 
0.80475, 0.016576 
0.805, 0.016577 
0.80525, 0.016578 
0.8055, 0.016579 
0.80575, 0.0165799 
0.806, 0.0165807 
0.80625, 0.0165815 
0.8065, 0.0165823 
0.80675, 0.016583 
0.807, 0.0165837 
0.80725, 0.0165844 
0.8075, 0.0165849 
0.80775, 0.0165855 
0.808, 0.016586 
0.80825, 0.0165865 
0.8085, 0.0165869 
0.80875, 0.0165873 
0.809, 0.0165876 
0.80925, 0.0165879 
0.8095, 0.0165881 
0.80975, 0.0165883 
0.81, 0.0165885 
0.81025, 0.0165886 
0.8105, 0.0165886 
0.81075, 0.0165886 
0.811, 0.0165886 
0.81125, 0.0165885 
0.8115, 0.0165884 
0.81175, 0.0165883 
0.812, 0.016588 
0.81225, 0.0165878 
0.8125, 0.0165875 
0.81275, 0.0165871 
0.813, 0.0165868 
0.81325, 0.0165863 
0.8135, 0.0165858 
0.81375, 0.0165853 
0.814, 0.0165847 
0.81425, 0.0165841 
0.8145, 0.0165835 
0.81475, 0.0165827 
0.815, 0.016582 
0.81525, 0.0165812 
0.8155, 0.0165803 
0.81575, 0.0165794 
0.816, 0.0165785 
0.81625, 0.0165775 
0.8165, 0.0165765 
0.81675, 0.0165754 
0.817, 0.0165743 
0.81725, 0.0165731 
0.8175, 0.0165719 
0.81775, 0.0165706 
0.818, 0.0165693 
0.81825, 0.016568 
0.8185, 0.0165665 
0.81875, 0.0165651 
0.819, 0.0165636 
0.81925, 0.016562 
0.8195, 0.0165605 
0.81975, 0.0165588 
0.82, 0.0165571 
0.82025, 0.0165554 
0.8205, 0.0165536 
0.82075, 0.0165518 
0.821, 0.0165499 
0.82125, 0.016548 
0.8215, 0.016546 
0.82175, 0.016544 
0.822, 0.0165419 
0.82225, 0.0165398 
0.8225, 0.0165377 
0.82275, 0.0165354 
0.823, 0.0165332 
0.82325, 0.0165309 
0.8235, 0.0165285 
0.82375, 0.0165261 
0.824, 0.0165237 
0.82425, 0.0165212 
0.8245, 0.0165186 
0.82475, 0.0165161 
0.825, 0.0165134 
0.82525, 0.0165107 
0.8255, 0.016508 
0.82575, 0.0165052 
0.826, 0.0165024 
0.82625, 0.0164995 
0.8265, 0.0164965 
0.82675, 0.0164936 
0.827, 0.0164905 
0.82725, 0.0164875 
0.8275, 0.0164843 
0.82775, 0.0164812 
0.828, 0.0164779 
0.82825, 0.0164747 
0.8285, 0.0164713 
0.82875, 0.016468 
0.829, 0.0164645 
0.82925, 0.0164611 
0.8295, 0.0164576 
0.82975, 0.016454 
0.83, 0.0164504 
0.83025, 0.0164467 
0.8305, 0.016443 
0.83075, 0.0164392 
0.831, 0.0164354 
0.83125, 0.0164315 
0.8315, 0.0164276 
0.83175, 0.0164237 
0.832, 0.0164196 
0.83225, 0.0164156 
0.8325, 0.0164115 
0.83275, 0.0164073 
0.833, 0.0164031 
0.83325, 0.0163988 
0.8335, 0.0163945 
0.83375, 0.0163901 
0.834, 0.0163857 
0.83425, 0.0163812 
0.8345, 0.0163767 
0.83475, 0.0163722 
0.835, 0.0163675 
0.83525, 0.0163629 
0.8355, 0.0163582 
0.83575, 0.0163534 
0.836, 0.0163486 
0.83625, 0.0163437 
0.8365, 0.0163388 
0.83675, 0.0163338 
0.837, 0.0163288 
0.83725, 0.0163237 
0.8375, 0.0163186 
0.83775, 0.0163134 
0.838, 0.0163082 
0.83825, 0.0163029 
0.8385, 0.0162976 
0.83875, 0.0162922 
0.839, 0.0162867 
0.83925, 0.0162812 
0.8395, 0.0162757 
0.83975, 0.0162701 
0.84, 0.0162645 
0.84025, 0.0162588 
0.8405, 0.016253 
0.84075, 0.0162472 
0.841, 0.0162414 
0.84125, 0.0162355 
0.8415, 0.0162296 
0.84175, 0.0162235 
0.842, 0.0162175 
0.84225, 0.0162114 
0.8425, 0.0162052 
0.84275, 0.016199 
0.843, 0.0161927 
0.84325, 0.0161864 
0.8435, 0.0161801 
0.84375, 0.0161736 
0.844, 0.0161672 
0.84425, 0.0161606 
0.8445, 0.0161541 
0.84475, 0.0161474 
0.845, 0.0161407 
0.84525, 0.016134 
0.8455, 0.0161272 
0.84575, 0.0161204 
0.846, 0.0161135 
0.84625, 0.0161065 
0.8465, 0.0160995 
0.84675, 0.0160925 
0.847, 0.0160853 
0.84725, 0.0160782 
0.8475, 0.016071 
0.84775, 0.0160637 
0.848, 0.0160564 
0.84825, 0.016049 
0.8485, 0.0160416 
0.84875, 0.0160341 
0.849, 0.0160265 
0.84925, 0.016019 
0.8495, 0.0160113 
0.84975, 0.0160036 
0.85, 0.0159959 
0.85025, 0.0159881 
0.8505, 0.0159802 
0.85075, 0.0159723 
0.851, 0.0159643 
0.85125, 0.0159563 
0.8515, 0.0159482 
0.85175, 0.0159401 
0.852, 0.0159319 
0.85225, 0.0159237 
0.8525, 0.0159154 
0.85275, 0.015907 
0.853, 0.0158986 
0.85325, 0.0158902 
0.8535, 0.0158816 
0.85375, 0.0158731 
0.854, 0.0158645 
0.85425, 0.0158558 
0.8545, 0.0158471 
0.85475, 0.0158383 
0.855, 0.0158294 
0.85525, 0.0158205 
0.8555, 0.0158116 
0.85575, 0.0158026 
0.856, 0.0157935 
0.85625, 0.0157844 
0.8565, 0.0157752 
0.85675, 0.015766 
0.857, 0.0157567 
0.85725, 0.0157474 
0.8575, 0.015738 
0.85775, 0.0157285 
0.858, 0.015719 
0.85825, 0.0157095 
0.8585, 0.0156999 
0.85875, 0.0156902 
0.859, 0.0156805 
0.85925, 0.0156707 
0.8595, 0.0156608 
0.85975, 0.015651 
0.86, 0.015641 
0.86025, 0.015631 
0.8605, 0.0156209 
0.86075, 0.0156108 
0.861, 0.0156006 
0.86125, 0.0155904 
0.8615, 0.0155801 
0.86175, 0.0155698 
0.862, 0.0155594 
0.86225, 0.0155489 
0.8625, 0.0155384 
0.86275, 0.0155278 
0.863, 0.0155172 
0.86325, 0.0155065 
0.8635, 0.0154958 
0.86375, 0.015485 
0.864, 0.0154741 
0.86425, 0.0154632 
0.8645, 0.0154523 
0.86475, 0.0154412 
0.865, 0.0154302 
0.86525, 0.015419 
0.8655, 0.0154078 
0.86575, 0.0153966 
0.866, 0.0153853 
0.86625, 0.0153739 
0.8665, 0.0153625 
0.86675, 0.015351 
0.867, 0.0153395 
0.86725, 0.0153279 
0.8675, 0.0153162 
0.86775, 0.0153045 
0.868, 0.0152927 
0.86825, 0.0152809 
0.8685, 0.015269 
0.86875, 0.0152571 
0.869, 0.0152451 
0.86925, 0.015233 
0.8695, 0.0152209 
0.86975, 0.0152087 
0.87, 0.0151965 
0.87025, 0.0151842 
0.8705, 0.0151719 
0.87075, 0.0151595 
0.871, 0.015147 
0.87125, 0.0151345 
0.8715, 0.0151219 
0.87175, 0.0151093 
0.872, 0.0150966 
0.87225, 0.0150838 
0.8725, 0.015071 
0.87275, 0.0150581 
0.873, 0.0150452 
0.87325, 0.0150322 
0.8735, 0.0150192 
0.87375, 0.0150061 
0.874, 0.0149929 
0.87425, 0.0149797 
0.8745, 0.0149664 
0.87475, 0.014953 
0.875, 0.0149396 
0.87525, 0.0149262 
0.8755, 0.0149127 
0.87575, 0.0148991 
0.876, 0.0148854 
0.87625, 0.0148717 
0.8765, 0.014858 
0.87675, 0.0148442 
0.877, 0.0148303 
0.87725, 0.0148164 
0.8775, 0.0148024 
0.87775, 0.0147883 
0.878, 0.0147742 
0.87825, 0.01476 
0.8785, 0.0147458 
0.87875, 0.0147315 
0.879, 0.0147171 
0.87925, 0.0147027 
0.8795, 0.0146883 
0.87975, 0.0146737 
0.88, 0.0146591 
0.88025, 0.0146445 
0.8805, 0.0146298 
0.88075, 0.014615 
0.881, 0.0146002 
0.88125, 0.0145853 
0.8815, 0.0145703 
0.88175, 0.0145553 
0.882, 0.0145402 
0.88225, 0.0145251 
0.8825, 0.0145099 
0.88275, 0.0144946 
0.883, 0.0144793 
0.88325, 0.014464 
0.8835, 0.0144485 
0.88375, 0.014433 
0.884, 0.0144175 
0.88425, 0.0144018 
0.8845, 0.0143862 
0.88475, 0.0143704 
0.885, 0.0143546 
0.88525, 0.0143388 
0.8855, 0.0143228 
0.88575, 0.0143069 
0.886, 0.0142908 
0.88625, 0.0142747 
0.8865, 0.0142585 
0.88675, 0.0142423 
0.887, 0.014226 
0.88725, 0.0142097 
0.8875, 0.0141933 
0.88775, 0.0141768 
0.888, 0.0141602 
0.88825, 0.0141436 
0.8885, 0.014127 
0.88875, 0.0141103 
0.889, 0.0140935 
0.88925, 0.0140766 
0.8895, 0.0140597 
0.88975, 0.0140428 
0.89, 0.0140257 
0.89025, 0.0140086 
0.8905, 0.0139915 
0.89075, 0.0139743 
0.891, 0.013957 
0.89125, 0.0139397 
0.8915, 0.0139223 
0.89175, 0.0139048 
0.892, 0.0138873 
0.89225, 0.0138697 
0.8925, 0.013852 
0.89275, 0.0138343 
0.893, 0.0138165 
0.89325, 0.0137987 
0.8935, 0.0137808 
0.89375, 0.0137628 
0.894, 0.0137448 
0.89425, 0.0137267 
0.8945, 0.0137086 
0.89475, 0.0136904 
0.895, 0.0136721 
0.89525, 0.0136538 
0.8955, 0.0136354 
0.89575, 0.0136169 
0.896, 0.0135984 
0.89625, 0.0135798 
0.8965, 0.0135611 
0.89675, 0.0135424 
0.897, 0.0135236 
0.89725, 0.0135048 
0.8975, 0.0134859 
0.89775, 0.0134669 
0.898, 0.0134479 
0.89825, 0.0134288 
0.8985, 0.0134096 
0.89875, 0.0133904 
0.899, 0.0133711 
0.89925, 0.0133518 
0.8995, 0.0133324 
0.89975, 0.0133129 
0.9, 0.0132934 
0.90025, 0.0132738 
0.9005, 0.0132541 
0.90075, 0.0132344 
0.901, 0.0132146 
0.90125, 0.0131947 
0.9015, 0.0131748 
0.90175, 0.0131548 
0.902, 0.0131348 
0.90225, 0.0131146 
0.9025, 0.0130945 
0.90275, 0.0130742 
0.903, 0.0130539 
0.90325, 0.0130335 
0.9035, 0.0130131 
0.90375, 0.0129926 
0.904, 0.0129721 
0.90425, 0.0129514 
0.9045, 0.0129307 
0.90475, 0.01291 
0.905, 0.0128892 
0.90525, 0.0128683 
0.9055, 0.0128473 
0.90575, 0.0128263 
0.906, 0.0128052 
0.90625, 0.0127841 
0.9065, 0.0127629 
0.90675, 0.0127416 
0.907, 0.0127203 
0.90725, 0.0126989 
0.9075, 0.0126774 
0.90775, 0.0126559 
0.908, 0.0126343 
0.90825, 0.0126126 
0.9085, 0.0125909 
0.90875, 0.0125691 
0.909, 0.0125473 
0.90925, 0.0125253 
0.9095, 0.0125033 
0.90975, 0.0124813 
0.91, 0.0124592 
0.91025, 0.012437 
0.9105, 0.0124148 
0.91075, 0.0123924 
0.911, 0.0123701 
0.91125, 0.0123476 
0.9115, 0.0123251 
0.91175, 0.0123025 
0.912, 0.0122799 
0.91225, 0.0122572 
0.9125, 0.0122344 
0.91275, 0.0122116 
0.913, 0.0121887 
0.91325, 0.0121657 
0.9135, 0.0121427 
0.91375, 0.0121196 
0.914, 0.0120964 
0.91425, 0.0120732 
0.9145, 0.0120499 
0.91475, 0.0120265 
0.915, 0.0120031 
0.91525, 0.0119796 
0.9155, 0.011956 
0.91575, 0.0119324 
0.916, 0.0119087 
0.91625, 0.011885 
0.9165, 0.0118611 
0.91675, 0.0118372 
0.917, 0.0118133 
0.91725, 0.0117892 
0.9175, 0.0117652 
0.91775, 0.011741 
0.918, 0.0117168 
0.91825, 0.0116925 
0.9185, 0.0116681 
0.91875, 0.0116437 
0.919, 0.0116192 
0.91925, 0.0115947 
0.9195, 0.01157 
0.91975, 0.0115453 
0.92, 0.0115206 
0.92025, 0.0114958 
0.9205, 0.0114709 
0.92075, 0.0114459 
0.921, 0.0114209 
0.92125, 0.0113958 
0.9215, 0.0113706 
0.92175, 0.0113454 
0.922, 0.0113201 
0.92225, 0.0112947 
0.9225, 0.0112693 
0.92275, 0.0112438 
0.923, 0.0112183 
0.92325, 0.0111926 
0.9235, 0.0111669 
0.92375, 0.0111412 
0.924, 0.0111153 
0.92425, 0.0110894 
0.9245, 0.0110635 
0.92475, 0.0110374 
0.925, 0.0110113 
0.92525, 0.0109852 
0.9255, 0.0109589 
0.92575, 0.0109326 
0.926, 0.0109063 
0.92625, 0.0108798 
0.9265, 0.0108533 
0.92675, 0.0108267 
0.927, 0.0108001 
0.92725, 0.0107734 
0.9275, 0.0107466 
0.92775, 0.0107198 
0.928, 0.0106929 
0.92825, 0.0106659 
0.9285, 0.0106388 
0.92875, 0.0106117 
0.929, 0.0105845 
0.92925, 0.0105573 
0.9295, 0.0105299 
0.92975, 0.0105026 
0.93, 0.0104751 
0.93025, 0.0104476 
0.9305, 0.01042 
0.93075, 0.0103923 
0.931, 0.0103646 
0.93125, 0.0103368 
0.9315, 0.0103089 
0.93175, 0.010281 
0.932, 0.010253 
0.93225, 0.0102249 
0.9325, 0.0101968 
0.93275, 0.0101685 
0.933, 0.0101403 
0.93325, 0.0101119 
0.9335, 0.0100835 
0.93375, 0.010055 
0.934, 0.0100265 
0.93425, 0.00999784 
0.9345, 0.00996915 
0.93475, 0.00994039 
0.935, 0.00991156 
0.93525, 0.00988266 
0.9355, 0.00985369 
0.93575, 0.00982466 
0.936, 0.00979555 
0.93625, 0.00976638 
0.9365, 0.00973713 
0.93675, 0.00970782 
0.937, 0.00967844 
0.93725, 0.00964899 
0.9375, 0.00961947 
0.93775, 0.00958988 
0.938, 0.00956022 
0.93825, 0.0095305 
0.9385, 0.0095007 
0.93875, 0.00947084 
0.939, 0.0094409 
0.93925, 0.0094109 
0.9395, 0.00938082 
0.93975, 0.00935068 
0.94, 0.00932047 
0.94025, 0.00929018 
0.9405, 0.00925983 
0.94075, 0.00922941 
0.941, 0.00919892 
0.94125, 0.00916836 
0.9415, 0.00913773 
0.94175, 0.00910703 
0.942, 0.00907626 
0.94225, 0.00904542 
0.9425, 0.00901451 
0.94275, 0.00898353 
0.943, 0.00895248 
0.94325, 0.00892136 
0.9435, 0.00889017 
0.94375, 0.00885891 
0.944, 0.00882758 
0.94425, 0.00879619 
0.9445, 0.00876472 
0.94475, 0.00873318 
0.945, 0.00870157 
0.94525, 0.00866989 
0.9455, 0.00863814 
0.94575, 0.00860632 
0.946, 0.00857443 
0.94625, 0.00854247 
0.9465, 0.00851044 
0.94675, 0.00847834 
0.947, 0.00844617 
0.94725, 0.00841393 
0.9475, 0.00838162 
0.94775, 0.00834924 
0.948, 0.00831678 
0.94825, 0.00828426 
0.9485, 0.00825167 
0.94875, 0.00821901 
0.949, 0.00818627 
0.94925, 0.00815347 
0.9495, 0.00812059 
0.94975, 0.00808765 
0.95, 0.00805463 
0.95025, 0.00802154 
0.9505, 0.00798838 
0.95075, 0.00795516 
0.951, 0.00792186 
0.95125, 0.00788849 
0.9515, 0.00785504 
0.95175, 0.00782153 
0.952, 0.00778795 
0.95225, 0.0077543 
0.9525, 0.00772057 
0.95275, 0.00768678 
0.953, 0.00765291 
0.95325, 0.00761897 
0.9535, 0.00758496 
0.95375, 0.00755088 
0.954, 0.00751673 
0.95425, 0.00748251 
0.9545, 0.00744822 
0.95475, 0.00741386 
0.955, 0.00737942 
0.95525, 0.00734491 
0.9555, 0.00731034 
0.95575, 0.00727569 
0.956, 0.00724097 
0.95625, 0.00720618 
0.9565, 0.00717131 
0.95675, 0.00713638 
0.957, 0.00710137 
0.95725, 0.0070663 
0.9575, 0.00703115 
0.95775, 0.00699593 
0.958, 0.00696064 
0.95825, 0.00692527 
0.9585, 0.00688984 
0.95875, 0.00685433 
0.959, 0.00681876 
0.95925, 0.00678311 
0.9595, 0.00674739 
0.95975, 0.00671159 
0.96, 0.00667573 
0.96025, 0.00663979 
0.9605, 0.00660379 
0.96075, 0.00656771 
0.961, 0.00653156 
0.96125, 0.00649533 
0.9615, 0.00645904 
0.96175, 0.00642267 
0.962, 0.00638623 
0.96225, 0.00634972 
0.9625, 0.00631314 
0.96275, 0.00627649 
0.963, 0.00623976 
0.96325, 0.00620296 
0.9635, 0.00616609 
0.96375, 0.00612915 
0.964, 0.00609214 
0.96425, 0.00605505 
0.9645, 0.00601789 
0.96475, 0.00598066 
0.965, 0.00594336 
0.96525, 0.00590599 
0.9655, 0.00586854 
0.96575, 0.00583102 
0.966, 0.00579343 
0.96625, 0.00575577 
0.9665, 0.00571803 
0.96675, 0.00568022 
0.967, 0.00564234 
0.96725, 0.00560439 
0.9675, 0.00556636 
0.96775, 0.00552827 
0.968, 0.0054901 
0.96825, 0.00545185 
0.9685, 0.00541354 
0.96875, 0.00537515 
0.969, 0.00533669 
0.96925, 0.00529816 
0.9695, 0.00525955 
0.96975, 0.00522088 
0.97, 0.00518213 
0.97025, 0.0051433 
0.9705, 0.00510441 
0.97075, 0.00506544 
0.971, 0.0050264 
0.97125, 0.00498729 
0.9715, 0.0049481 
0.97175, 0.00490884 
0.972, 0.00486951 
0.97225, 0.00483011 
0.9725, 0.00479063 
0.97275, 0.00475108 
0.973, 0.00471146 
0.97325, 0.00467177 
0.9735, 0.004632 
0.97375, 0.00459216 
0.974, 0.00455224 
0.97425, 0.00451226 
0.9745, 0.0044722 
0.97475, 0.00443206 
0.975, 0.00439186 
0.97525, 0.00435158 
0.9755, 0.00431123 
0.97575, 0.0042708 
0.976, 0.00423031 
0.97625, 0.00418974 
0.9765, 0.00414909 
0.97675, 0.00410838 
0.977, 0.00406759 
0.97725, 0.00402672 
0.9775, 0.00398579 
0.97775, 0.00394478 
0.978, 0.00390369 
0.97825, 0.00386254 
0.9785, 0.00382131 
0.97875, 0.00378001 
0.979, 0.00373863 
0.97925, 0.00369718 
0.9795, 0.00365566 
0.97975, 0.00361407 
0.98, 0.0035724 
0.98025, 0.00353066 
0.9805, 0.00348884 
0.98075, 0.00344695 
0.981, 0.00340499 
0.98125, 0.00336295 
0.9815, 0.00332085 
0.98175, 0.00327866 
0.982, 0.00323641 
0.98225, 0.00319408 
0.9825, 0.00315168 
0.98275, 0.0031092 
0.983, 0.00306665 
0.98325, 0.00302403 
0.9835, 0.00298133 
0.98375, 0.00293856 
0.984, 0.00289572 
0.98425, 0.0028528 
0.9845, 0.00280981 
0.98475, 0.00276674 
0.985, 0.0027236 
0.98525, 0.00268039 
0.9855, 0.0026371 
0.98575, 0.00259375 
0.986, 0.00255031 
0.98625, 0.00250681 
0.9865, 0.00246322 
0.98675, 0.00241957 
0.987, 0.00237584 
0.98725, 0.00233204 
0.9875, 0.00228816 
0.98775, 0.00224421 
0.988, 0.00220019 
0.98825, 0.00215609 
0.9885, 0.00211192 
0.98875, 0.00206768 
0.989, 0.00202336 
0.98925, 0.00197897 
0.9895, 0.0019345 
0.98975, 0.00188996 
0.99, 0.00184535 
0.99025, 0.00180066 
0.9905, 0.00175589 
0.99075, 0.00171106 
0.991, 0.00166615 
0.99125, 0.00162116 
0.9915, 0.00157611 
0.99175, 0.00153097 
0.992, 0.00148577 
0.99225, 0.00144049 
0.9925, 0.00139513 
0.99275, 0.0013497 
0.993, 0.0013042 
0.99325, 0.00125862 
0.9935, 0.00121297 
0.99375, 0.00116725 
0.994, 0.00112145 
0.99425, 0.00107558 
0.9945, 0.00102963 
0.99475, 0.000983606 
0.995, 0.00093751 
0.99525, 0.000891341 
0.9955, 0.000845096 
0.99575, 0.000798778 
0.996, 0.000752385 
0.99625, 0.000705919 
0.9965, 0.000659377 
0.99675, 0.000612762 
0.997, 0.000566072 
0.99725, 0.000519309 
0.9975, 0.00047247 
0.99775, 0.000425558 
0.998, 0.000378571 
0.99825, 0.00033151 
0.9985, 0.000284374 
0.99875, 0.000237165 
0.999, 0.00018988 
0.99925, 0.000142522 
0.9995, 9.5089e-05 
0.99975, 4.75817e-05 
