5.000000e-01, -7.213475e-01 
5.002500e-01, -7.206753e-01 
5.005000e-01, -7.200034e-01 
5.007500e-01, -7.193321e-01 
5.010000e-01, -7.186612e-01 
5.012500e-01, -7.179907e-01 
5.015000e-01, -7.173206e-01 
5.017500e-01, -7.166511e-01 
5.020000e-01, -7.159819e-01 
5.022500e-01, -7.153132e-01 
5.025000e-01, -7.146449e-01 
5.027500e-01, -7.139771e-01 
5.030000e-01, -7.133097e-01 
5.032500e-01, -7.126428e-01 
5.035000e-01, -7.119763e-01 
5.037500e-01, -7.113103e-01 
5.040000e-01, -7.106447e-01 
5.042500e-01, -7.099795e-01 
5.045000e-01, -7.093148e-01 
5.047500e-01, -7.086505e-01 
5.050000e-01, -7.079866e-01 
5.052500e-01, -7.073232e-01 
5.055000e-01, -7.066603e-01 
5.057500e-01, -7.059977e-01 
5.060000e-01, -7.053357e-01 
5.062500e-01, -7.046740e-01 
5.065000e-01, -7.040128e-01 
5.067500e-01, -7.033520e-01 
5.070000e-01, -7.026917e-01 
5.072500e-01, -7.020318e-01 
5.075000e-01, -7.013723e-01 
5.077500e-01, -7.007133e-01 
5.080000e-01, -7.000547e-01 
5.082500e-01, -6.993966e-01 
5.085000e-01, -6.987388e-01 
5.087500e-01, -6.980816e-01 
5.090000e-01, -6.974247e-01 
5.092500e-01, -6.967683e-01 
5.095000e-01, -6.961123e-01 
5.097500e-01, -6.954568e-01 
5.100000e-01, -6.948017e-01 
5.102500e-01, -6.941470e-01 
5.105000e-01, -6.934928e-01 
5.107500e-01, -6.928390e-01 
5.110000e-01, -6.921856e-01 
5.112500e-01, -6.915327e-01 
5.115000e-01, -6.908801e-01 
5.117500e-01, -6.902281e-01 
5.120000e-01, -6.895764e-01 
5.122500e-01, -6.889252e-01 
5.125000e-01, -6.882744e-01 
5.127500e-01, -6.876241e-01 
5.130000e-01, -6.869742e-01 
5.132500e-01, -6.863247e-01 
5.135000e-01, -6.856756e-01 
5.137500e-01, -6.850270e-01 
5.140000e-01, -6.843788e-01 
5.142500e-01, -6.837310e-01 
5.145000e-01, -6.830837e-01 
5.147500e-01, -6.824368e-01 
5.150000e-01, -6.817903e-01 
5.152500e-01, -6.811442e-01 
5.155000e-01, -6.804986e-01 
5.157500e-01, -6.798534e-01 
5.160000e-01, -6.792086e-01 
5.162500e-01, -6.785643e-01 
5.165000e-01, -6.779204e-01 
5.167500e-01, -6.772769e-01 
5.170000e-01, -6.766338e-01 
5.172500e-01, -6.759912e-01 
5.175000e-01, -6.753490e-01 
5.177500e-01, -6.747072e-01 
5.180000e-01, -6.740658e-01 
5.182500e-01, -6.734249e-01 
5.185000e-01, -6.727844e-01 
5.187500e-01, -6.721443e-01 
5.190000e-01, -6.715046e-01 
5.192500e-01, -6.708654e-01 
5.195000e-01, -6.702266e-01 
5.197500e-01, -6.695882e-01 
5.200000e-01, -6.689502e-01 
5.202500e-01, -6.683126e-01 
5.205000e-01, -6.676755e-01 
5.207500e-01, -6.670388e-01 
5.210000e-01, -6.664025e-01 
5.212500e-01, -6.657667e-01 
5.215000e-01, -6.651312e-01 
5.217500e-01, -6.644962e-01 
5.220000e-01, -6.638616e-01 
5.222500e-01, -6.632274e-01 
5.225000e-01, -6.625936e-01 
5.227500e-01, -6.619603e-01 
5.230000e-01, -6.613274e-01 
5.232500e-01, -6.606949e-01 
5.235000e-01, -6.600628e-01 
5.237500e-01, -6.594311e-01 
5.240000e-01, -6.587999e-01 
5.242500e-01, -6.581691e-01 
5.245000e-01, -6.575387e-01 
5.247500e-01, -6.569087e-01 
5.250000e-01, -6.562791e-01 
5.252500e-01, -6.556499e-01 
5.255000e-01, -6.550212e-01 
5.257500e-01, -6.543929e-01 
5.260000e-01, -6.537650e-01 
5.262500e-01, -6.531375e-01 
5.265000e-01, -6.525104e-01 
5.267500e-01, -6.518837e-01 
5.270000e-01, -6.512575e-01 
5.272500e-01, -6.506316e-01 
5.275000e-01, -6.500062e-01 
5.277500e-01, -6.493812e-01 
5.280000e-01, -6.487566e-01 
5.282500e-01, -6.481325e-01 
5.285000e-01, -6.475087e-01 
5.287500e-01, -6.468854e-01 
5.290000e-01, -6.462624e-01 
5.292500e-01, -6.456399e-01 
5.295000e-01, -6.450178e-01 
5.297500e-01, -6.443961e-01 
5.300000e-01, -6.437748e-01 
5.302500e-01, -6.431539e-01 
5.305000e-01, -6.425335e-01 
5.307500e-01, -6.419134e-01 
5.310000e-01, -6.412938e-01 
5.312500e-01, -6.406745e-01 
5.315000e-01, -6.400557e-01 
5.317500e-01, -6.394373e-01 
5.320000e-01, -6.388193e-01 
5.322500e-01, -6.382017e-01 
5.325000e-01, -6.375845e-01 
5.327500e-01, -6.369678e-01 
5.330000e-01, -6.363514e-01 
5.332500e-01, -6.357354e-01 
5.335000e-01, -6.351199e-01 
5.337500e-01, -6.345048e-01 
5.340000e-01, -6.338900e-01 
5.342500e-01, -6.332757e-01 
5.345000e-01, -6.326618e-01 
5.347500e-01, -6.320483e-01 
5.350000e-01, -6.314352e-01 
5.352500e-01, -6.308225e-01 
5.355000e-01, -6.302102e-01 
5.357500e-01, -6.295983e-01 
5.360000e-01, -6.289868e-01 
5.362500e-01, -6.283757e-01 
5.365000e-01, -6.277651e-01 
5.367500e-01, -6.271548e-01 
5.370000e-01, -6.265449e-01 
5.372500e-01, -6.259355e-01 
5.375000e-01, -6.253264e-01 
5.377500e-01, -6.247178e-01 
5.380000e-01, -6.241095e-01 
5.382500e-01, -6.235017e-01 
5.385000e-01, -6.228942e-01 
5.387500e-01, -6.222872e-01 
5.390000e-01, -6.216806e-01 
5.392500e-01, -6.210743e-01 
5.395000e-01, -6.204685e-01 
5.397500e-01, -6.198631e-01 
5.400000e-01, -6.192581e-01 
5.402500e-01, -6.186534e-01 
5.405000e-01, -6.180492e-01 
5.407500e-01, -6.174454e-01 
5.410000e-01, -6.168420e-01 
5.412500e-01, -6.162389e-01 
5.415000e-01, -6.156363e-01 
5.417500e-01, -6.150341e-01 
5.420000e-01, -6.144322e-01 
5.422500e-01, -6.138308e-01 
5.425000e-01, -6.132298e-01 
5.427500e-01, -6.126292e-01 
5.430000e-01, -6.120289e-01 
5.432500e-01, -6.114291e-01 
5.435000e-01, -6.108297e-01 
5.437500e-01, -6.102306e-01 
5.440000e-01, -6.096320e-01 
5.442500e-01, -6.090337e-01 
5.445000e-01, -6.084359e-01 
5.447500e-01, -6.078384e-01 
5.450000e-01, -6.072414e-01 
5.452500e-01, -6.066447e-01 
5.455000e-01, -6.060485e-01 
5.457500e-01, -6.054526e-01 
5.460000e-01, -6.048571e-01 
5.462500e-01, -6.042621e-01 
5.465000e-01, -6.036674e-01 
5.467500e-01, -6.030731e-01 
5.470000e-01, -6.024792e-01 
5.472500e-01, -6.018857e-01 
5.475000e-01, -6.012926e-01 
5.477500e-01, -6.006999e-01 
5.480000e-01, -6.001076e-01 
5.482500e-01, -5.995156e-01 
5.485000e-01, -5.989241e-01 
5.487500e-01, -5.983330e-01 
5.490000e-01, -5.977422e-01 
5.492500e-01, -5.971519e-01 
5.495000e-01, -5.965619e-01 
5.497500e-01, -5.959723e-01 
5.500000e-01, -5.953832e-01 
5.502500e-01, -5.947944e-01 
5.505000e-01, -5.942060e-01 
5.507500e-01, -5.936180e-01 
5.510000e-01, -5.930303e-01 
5.512500e-01, -5.924431e-01 
5.515000e-01, -5.918563e-01 
5.517500e-01, -5.912698e-01 
5.520000e-01, -5.906838e-01 
5.522500e-01, -5.900981e-01 
5.525000e-01, -5.895128e-01 
5.527500e-01, -5.889279e-01 
5.530000e-01, -5.883434e-01 
5.532500e-01, -5.877593e-01 
5.535000e-01, -5.871756e-01 
5.537500e-01, -5.865922e-01 
5.540000e-01, -5.860093e-01 
5.542500e-01, -5.854267e-01 
5.545000e-01, -5.848445e-01 
5.547500e-01, -5.842627e-01 
5.550000e-01, -5.836813e-01 
5.552500e-01, -5.831003e-01 
5.555000e-01, -5.825197e-01 
5.557500e-01, -5.819394e-01 
5.560000e-01, -5.813596e-01 
5.562500e-01, -5.807801e-01 
5.565000e-01, -5.802010e-01 
5.567500e-01, -5.796223e-01 
5.570000e-01, -5.790440e-01 
5.572500e-01, -5.784660e-01 
5.575000e-01, -5.778885e-01 
5.577500e-01, -5.773113e-01 
5.580000e-01, -5.767345e-01 
5.582500e-01, -5.761581e-01 
5.585000e-01, -5.755821e-01 
5.587500e-01, -5.750064e-01 
5.590000e-01, -5.744312e-01 
5.592500e-01, -5.738563e-01 
5.595000e-01, -5.732818e-01 
5.597500e-01, -5.727077e-01 
5.600000e-01, -5.721340e-01 
5.602500e-01, -5.715606e-01 
5.605000e-01, -5.709877e-01 
5.607500e-01, -5.704151e-01 
5.610000e-01, -5.698429e-01 
5.612500e-01, -5.692710e-01 
5.615000e-01, -5.686996e-01 
5.617500e-01, -5.681285e-01 
5.620000e-01, -5.675578e-01 
5.622500e-01, -5.669875e-01 
5.625000e-01, -5.664176e-01 
5.627500e-01, -5.658481e-01 
5.630000e-01, -5.652789e-01 
5.632500e-01, -5.647101e-01 
5.635000e-01, -5.641417e-01 
5.637500e-01, -5.635737e-01 
5.640000e-01, -5.630060e-01 
5.642500e-01, -5.624387e-01 
5.645000e-01, -5.618718e-01 
5.647500e-01, -5.613053e-01 
5.650000e-01, -5.607391e-01 
5.652500e-01, -5.601734e-01 
5.655000e-01, -5.596080e-01 
5.657500e-01, -5.590430e-01 
5.660000e-01, -5.584783e-01 
5.662500e-01, -5.579141e-01 
5.665000e-01, -5.573502e-01 
5.667500e-01, -5.567867e-01 
5.670000e-01, -5.562235e-01 
5.672500e-01, -5.556607e-01 
5.675000e-01, -5.550984e-01 
5.677500e-01, -5.545363e-01 
5.680000e-01, -5.539747e-01 
5.682500e-01, -5.534134e-01 
5.685000e-01, -5.528525e-01 
5.687500e-01, -5.522920e-01 
5.690000e-01, -5.517319e-01 
5.692500e-01, -5.511721e-01 
5.695000e-01, -5.506127e-01 
5.697500e-01, -5.500536e-01 
5.700000e-01, -5.494950e-01 
5.702500e-01, -5.489367e-01 
5.705000e-01, -5.483788e-01 
5.707500e-01, -5.478212e-01 
5.710000e-01, -5.472641e-01 
5.712500e-01, -5.467073e-01 
5.715000e-01, -5.461508e-01 
5.717500e-01, -5.455948e-01 
5.720000e-01, -5.450391e-01 
5.722500e-01, -5.444838e-01 
5.725000e-01, -5.439288e-01 
5.727500e-01, -5.433742e-01 
5.730000e-01, -5.428200e-01 
5.732500e-01, -5.422662e-01 
5.735000e-01, -5.417127e-01 
5.737500e-01, -5.411596e-01 
5.740000e-01, -5.406069e-01 
5.742500e-01, -5.400545e-01 
5.745000e-01, -5.395025e-01 
5.747500e-01, -5.389509e-01 
5.750000e-01, -5.383996e-01 
5.752500e-01, -5.378487e-01 
5.755000e-01, -5.372982e-01 
5.757500e-01, -5.367481e-01 
5.760000e-01, -5.361983e-01 
5.762500e-01, -5.356488e-01 
5.765000e-01, -5.350998e-01 
5.767500e-01, -5.345511e-01 
5.770000e-01, -5.340028e-01 
5.772500e-01, -5.334548e-01 
5.775000e-01, -5.329072e-01 
5.777500e-01, -5.323600e-01 
5.780000e-01, -5.318131e-01 
5.782500e-01, -5.312666e-01 
5.785000e-01, -5.307205e-01 
5.787500e-01, -5.301747e-01 
5.790000e-01, -5.296293e-01 
5.792500e-01, -5.290842e-01 
5.795000e-01, -5.285396e-01 
5.797500e-01, -5.279952e-01 
5.800000e-01, -5.274513e-01 
5.802500e-01, -5.269077e-01 
5.805000e-01, -5.263645e-01 
5.807500e-01, -5.258216e-01 
5.810000e-01, -5.252791e-01 
5.812500e-01, -5.247370e-01 
5.815000e-01, -5.241952e-01 
5.817500e-01, -5.236538e-01 
5.820000e-01, -5.231127e-01 
5.822500e-01, -5.225720e-01 
5.825000e-01, -5.220317e-01 
5.827500e-01, -5.214917e-01 
5.830000e-01, -5.209521e-01 
5.832500e-01, -5.204128e-01 
5.835000e-01, -5.198739e-01 
5.837500e-01, -5.193354e-01 
5.840000e-01, -5.187972e-01 
5.842500e-01, -5.182594e-01 
5.845000e-01, -5.177220e-01 
5.847500e-01, -5.171849e-01 
5.850000e-01, -5.166481e-01 
5.852500e-01, -5.161118e-01 
5.855000e-01, -5.155758e-01 
5.857500e-01, -5.150401e-01 
5.860000e-01, -5.145048e-01 
5.862500e-01, -5.139698e-01 
5.865000e-01, -5.134353e-01 
5.867500e-01, -5.129010e-01 
5.870000e-01, -5.123672e-01 
5.872500e-01, -5.118336e-01 
5.875000e-01, -5.113005e-01 
5.877500e-01, -5.107677e-01 
5.880000e-01, -5.102352e-01 
5.882500e-01, -5.097032e-01 
5.885000e-01, -5.091714e-01 
5.887500e-01, -5.086400e-01 
5.890000e-01, -5.081090e-01 
5.892500e-01, -5.075784e-01 
5.895000e-01, -5.070480e-01 
5.897500e-01, -5.065181e-01 
5.900000e-01, -5.059885e-01 
5.902500e-01, -5.054592e-01 
5.905000e-01, -5.049303e-01 
5.907500e-01, -5.044018e-01 
5.910000e-01, -5.038736e-01 
5.912500e-01, -5.033458e-01 
5.915000e-01, -5.028183e-01 
5.917500e-01, -5.022912e-01 
5.920000e-01, -5.017644e-01 
5.922500e-01, -5.012380e-01 
5.925000e-01, -5.007119e-01 
5.927500e-01, -5.001862e-01 
5.930000e-01, -4.996608e-01 
5.932500e-01, -4.991358e-01 
5.935000e-01, -4.986112e-01 
5.937500e-01, -4.980869e-01 
5.940000e-01, -4.975629e-01 
5.942500e-01, -4.970393e-01 
5.945000e-01, -4.965160e-01 
5.947500e-01, -4.959931e-01 
5.950000e-01, -4.954706e-01 
5.952500e-01, -4.949484e-01 
5.955000e-01, -4.944265e-01 
5.957500e-01, -4.939050e-01 
5.960000e-01, -4.933839e-01 
5.962500e-01, -4.928631e-01 
5.965000e-01, -4.923426e-01 
5.967500e-01, -4.918225e-01 
5.970000e-01, -4.913027e-01 
5.972500e-01, -4.907833e-01 
5.975000e-01, -4.902643e-01 
5.977500e-01, -4.897455e-01 
5.980000e-01, -4.892272e-01 
5.982500e-01, -4.887092e-01 
5.985000e-01, -4.881915e-01 
5.987500e-01, -4.876742e-01 
5.990000e-01, -4.871572e-01 
5.992500e-01, -4.866406e-01 
5.995000e-01, -4.861243e-01 
5.997500e-01, -4.856083e-01 
6.000000e-01, -4.850927e-01 
6.002500e-01, -4.845775e-01 
6.005000e-01, -4.840626e-01 
6.007500e-01, -4.835481e-01 
6.010000e-01, -4.830338e-01 
6.012500e-01, -4.825200e-01 
6.015000e-01, -4.820065e-01 
6.017500e-01, -4.814933e-01 
6.020000e-01, -4.809805e-01 
6.022500e-01, -4.804680e-01 
6.025000e-01, -4.799558e-01 
6.027500e-01, -4.794441e-01 
6.030000e-01, -4.789326e-01 
6.032500e-01, -4.784215e-01 
6.035000e-01, -4.779107e-01 
6.037500e-01, -4.774003e-01 
6.040000e-01, -4.768902e-01 
6.042500e-01, -4.763805e-01 
6.045000e-01, -4.758711e-01 
6.047500e-01, -4.753621e-01 
6.050000e-01, -4.748533e-01 
6.052500e-01, -4.743450e-01 
6.055000e-01, -4.738370e-01 
6.057500e-01, -4.733293e-01 
6.060000e-01, -4.728219e-01 
6.062500e-01, -4.723149e-01 
6.065000e-01, -4.718083e-01 
6.067500e-01, -4.713020e-01 
6.070000e-01, -4.707960e-01 
6.072500e-01, -4.702903e-01 
6.075000e-01, -4.697850e-01 
6.077500e-01, -4.692801e-01 
6.080000e-01, -4.687755e-01 
6.082500e-01, -4.682712e-01 
6.085000e-01, -4.677672e-01 
6.087500e-01, -4.672637e-01 
6.090000e-01, -4.667604e-01 
6.092500e-01, -4.662575e-01 
6.095000e-01, -4.657549e-01 
6.097500e-01, -4.652526e-01 
6.100000e-01, -4.647507e-01 
6.102500e-01, -4.642492e-01 
6.105000e-01, -4.637479e-01 
6.107500e-01, -4.632470e-01 
6.110000e-01, -4.627465e-01 
6.112500e-01, -4.622463e-01 
6.115000e-01, -4.617464e-01 
6.117500e-01, -4.612468e-01 
6.120000e-01, -4.607476e-01 
6.122500e-01, -4.602488e-01 
6.125000e-01, -4.597502e-01 
6.127500e-01, -4.592520e-01 
6.130000e-01, -4.587542e-01 
6.132500e-01, -4.582566e-01 
6.135000e-01, -4.577595e-01 
6.137500e-01, -4.572626e-01 
6.140000e-01, -4.567661e-01 
6.142500e-01, -4.562699e-01 
6.145000e-01, -4.557740e-01 
6.147500e-01, -4.552785e-01 
6.150000e-01, -4.547833e-01 
6.152500e-01, -4.542885e-01 
6.155000e-01, -4.537940e-01 
6.157500e-01, -4.532998e-01 
6.160000e-01, -4.528059e-01 
6.162500e-01, -4.523124e-01 
6.165000e-01, -4.518192e-01 
6.167500e-01, -4.513264e-01 
6.170000e-01, -4.508339e-01 
6.172500e-01, -4.503417e-01 
6.175000e-01, -4.498499e-01 
6.177500e-01, -4.493583e-01 
6.180000e-01, -4.488671e-01 
6.182500e-01, -4.483763e-01 
6.185000e-01, -4.478858e-01 
6.187500e-01, -4.473956e-01 
6.190000e-01, -4.469057e-01 
6.192500e-01, -4.464162e-01 
6.195000e-01, -4.459270e-01 
6.197500e-01, -4.454381e-01 
6.200000e-01, -4.449496e-01 
6.202500e-01, -4.444614e-01 
6.205000e-01, -4.439735e-01 
6.207500e-01, -4.434859e-01 
6.210000e-01, -4.429987e-01 
6.212500e-01, -4.425118e-01 
6.215000e-01, -4.420253e-01 
6.217500e-01, -4.415391e-01 
6.220000e-01, -4.410532e-01 
6.222500e-01, -4.405676e-01 
6.225000e-01, -4.400823e-01 
6.227500e-01, -4.395974e-01 
6.230000e-01, -4.391128e-01 
6.232500e-01, -4.386286e-01 
6.235000e-01, -4.381446e-01 
6.237500e-01, -4.376610e-01 
6.240000e-01, -4.371778e-01 
6.242500e-01, -4.366948e-01 
6.245000e-01, -4.362122e-01 
6.247500e-01, -4.357299e-01 
6.250000e-01, -4.352479e-01 
6.252500e-01, -4.347663e-01 
6.255000e-01, -4.342850e-01 
6.257500e-01, -4.338040e-01 
6.260000e-01, -4.333233e-01 
6.262500e-01, -4.328430e-01 
6.265000e-01, -4.323630e-01 
6.267500e-01, -4.318833e-01 
6.270000e-01, -4.314039e-01 
6.272500e-01, -4.309249e-01 
6.275000e-01, -4.304462e-01 
6.277500e-01, -4.299678e-01 
6.280000e-01, -4.294897e-01 
6.282500e-01, -4.290120e-01 
6.285000e-01, -4.285346e-01 
6.287500e-01, -4.280575e-01 
6.290000e-01, -4.275807e-01 
6.292500e-01, -4.271043e-01 
6.295000e-01, -4.266281e-01 
6.297500e-01, -4.261523e-01 
6.300000e-01, -4.256769e-01 
6.302500e-01, -4.252017e-01 
6.305000e-01, -4.247269e-01 
6.307500e-01, -4.242524e-01 
6.310000e-01, -4.237782e-01 
6.312500e-01, -4.233043e-01 
6.315000e-01, -4.228308e-01 
6.317500e-01, -4.223576e-01 
6.320000e-01, -4.218847e-01 
6.322500e-01, -4.214121e-01 
6.325000e-01, -4.209398e-01 
6.327500e-01, -4.204679e-01 
6.330000e-01, -4.199963e-01 
6.332500e-01, -4.195250e-01 
6.335000e-01, -4.190540e-01 
6.337500e-01, -4.185834e-01 
6.340000e-01, -4.181130e-01 
6.342500e-01, -4.176430e-01 
6.345000e-01, -4.171733e-01 
6.347500e-01, -4.167040e-01 
6.350000e-01, -4.162349e-01 
6.352500e-01, -4.157662e-01 
6.355000e-01, -4.152978e-01 
6.357500e-01, -4.148297e-01 
6.360000e-01, -4.143619e-01 
6.362500e-01, -4.138944e-01 
6.365000e-01, -4.134273e-01 
6.367500e-01, -4.129605e-01 
6.370000e-01, -4.124940e-01 
6.372500e-01, -4.120278e-01 
6.375000e-01, -4.115619e-01 
6.377500e-01, -4.110963e-01 
6.380000e-01, -4.106311e-01 
6.382500e-01, -4.101662e-01 
6.385000e-01, -4.097016e-01 
6.387500e-01, -4.092373e-01 
6.390000e-01, -4.087733e-01 
6.392500e-01, -4.083097e-01 
6.395000e-01, -4.078463e-01 
6.397500e-01, -4.073833e-01 
6.400000e-01, -4.069206e-01 
6.402500e-01, -4.064582e-01 
6.405000e-01, -4.059961e-01 
6.407500e-01, -4.055344e-01 
6.410000e-01, -4.050729e-01 
6.412500e-01, -4.046118e-01 
6.415000e-01, -4.041510e-01 
6.417500e-01, -4.036905e-01 
6.420000e-01, -4.032303e-01 
6.422500e-01, -4.027704e-01 
6.425000e-01, -4.023109e-01 
6.427500e-01, -4.018516e-01 
6.430000e-01, -4.013927e-01 
6.432500e-01, -4.009341e-01 
6.435000e-01, -4.004758e-01 
6.437500e-01, -4.000178e-01 
6.440000e-01, -3.995601e-01 
6.442500e-01, -3.991027e-01 
6.445000e-01, -3.986457e-01 
6.447500e-01, -3.981889e-01 
6.450000e-01, -3.977325e-01 
6.452500e-01, -3.972764e-01 
6.455000e-01, -3.968206e-01 
6.457500e-01, -3.963651e-01 
6.460000e-01, -3.959099e-01 
6.462500e-01, -3.954550e-01 
6.465000e-01, -3.950005e-01 
6.467500e-01, -3.945462e-01 
6.470000e-01, -3.940923e-01 
6.472500e-01, -3.936387e-01 
6.475000e-01, -3.931854e-01 
6.477500e-01, -3.927324e-01 
6.480000e-01, -3.922797e-01 
6.482500e-01, -3.918273e-01 
6.485000e-01, -3.913752e-01 
6.487500e-01, -3.909234e-01 
6.490000e-01, -3.904720e-01 
6.492500e-01, -3.900208e-01 
6.495000e-01, -3.895700e-01 
6.497500e-01, -3.891195e-01 
6.500000e-01, -3.886692e-01 
6.502500e-01, -3.882193e-01 
6.505000e-01, -3.877697e-01 
6.507500e-01, -3.873204e-01 
6.510000e-01, -3.868714e-01 
6.512500e-01, -3.864227e-01 
6.515000e-01, -3.859744e-01 
6.517500e-01, -3.855263e-01 
6.520000e-01, -3.850786e-01 
6.522500e-01, -3.846311e-01 
6.525000e-01, -3.841840e-01 
6.527500e-01, -3.837371e-01 
6.530000e-01, -3.832906e-01 
6.532500e-01, -3.828444e-01 
6.535000e-01, -3.823984e-01 
6.537500e-01, -3.819528e-01 
6.540000e-01, -3.815075e-01 
6.542500e-01, -3.810625e-01 
6.545000e-01, -3.806178e-01 
6.547500e-01, -3.801734e-01 
6.550000e-01, -3.797294e-01 
6.552500e-01, -3.792856e-01 
6.555000e-01, -3.788421e-01 
6.557500e-01, -3.783989e-01 
6.560000e-01, -3.779561e-01 
6.562500e-01, -3.775135e-01 
6.565000e-01, -3.770713e-01 
6.567500e-01, -3.766293e-01 
6.570000e-01, -3.761877e-01 
6.572500e-01, -3.757463e-01 
6.575000e-01, -3.753053e-01 
6.577500e-01, -3.748646e-01 
6.580000e-01, -3.744241e-01 
6.582500e-01, -3.739840e-01 
6.585000e-01, -3.735442e-01 
6.587500e-01, -3.731046e-01 
6.590000e-01, -3.726654e-01 
6.592500e-01, -3.722265e-01 
6.595000e-01, -3.717879e-01 
6.597500e-01, -3.713496e-01 
6.600000e-01, -3.709116e-01 
6.602500e-01, -3.704738e-01 
6.605000e-01, -3.700364e-01 
6.607500e-01, -3.695993e-01 
6.610000e-01, -3.691625e-01 
6.612500e-01, -3.687260e-01 
6.615000e-01, -3.682898e-01 
6.617500e-01, -3.678539e-01 
6.620000e-01, -3.674183e-01 
6.622500e-01, -3.669830e-01 
6.625000e-01, -3.665480e-01 
6.627500e-01, -3.661133e-01 
6.630000e-01, -3.656789e-01 
6.632500e-01, -3.652448e-01 
6.635000e-01, -3.648110e-01 
6.637500e-01, -3.643775e-01 
6.640000e-01, -3.639443e-01 
6.642500e-01, -3.635114e-01 
6.645000e-01, -3.630788e-01 
6.647500e-01, -3.626465e-01 
6.650000e-01, -3.622145e-01 
6.652500e-01, -3.617828e-01 
6.655000e-01, -3.613513e-01 
6.657500e-01, -3.609202e-01 
6.660000e-01, -3.604894e-01 
6.662500e-01, -3.600589e-01 
6.665000e-01, -3.596287e-01 
6.667500e-01, -3.591988e-01 
6.670000e-01, -3.587691e-01 
6.672500e-01, -3.583398e-01 
6.675000e-01, -3.579108e-01 
6.677500e-01, -3.574820e-01 
6.680000e-01, -3.570536e-01 
6.682500e-01, -3.566255e-01 
6.685000e-01, -3.561976e-01 
6.687500e-01, -3.557701e-01 
6.690000e-01, -3.553428e-01 
6.692500e-01, -3.549159e-01 
6.695000e-01, -3.544892e-01 
6.697500e-01, -3.540628e-01 
6.700000e-01, -3.536368e-01 
6.702500e-01, -3.532110e-01 
6.705000e-01, -3.527855e-01 
6.707500e-01, -3.523603e-01 
6.710000e-01, -3.519354e-01 
6.712500e-01, -3.515108e-01 
6.715000e-01, -3.510865e-01 
6.717500e-01, -3.506625e-01 
6.720000e-01, -3.502388e-01 
6.722500e-01, -3.498154e-01 
6.725000e-01, -3.493923e-01 
6.727500e-01, -3.489695e-01 
6.730000e-01, -3.485469e-01 
6.732500e-01, -3.481247e-01 
6.735000e-01, -3.477027e-01 
6.737500e-01, -3.472811e-01 
6.740000e-01, -3.468597e-01 
6.742500e-01, -3.464386e-01 
6.745000e-01, -3.460179e-01 
6.747500e-01, -3.455974e-01 
6.750000e-01, -3.451772e-01 
6.752500e-01, -3.447573e-01 
6.755000e-01, -3.443377e-01 
6.757500e-01, -3.439183e-01 
6.760000e-01, -3.434993e-01 
6.762500e-01, -3.430806e-01 
6.765000e-01, -3.426621e-01 
6.767500e-01, -3.422440e-01 
6.770000e-01, -3.418261e-01 
6.772500e-01, -3.414085e-01 
6.775000e-01, -3.409913e-01 
6.777500e-01, -3.405743e-01 
6.780000e-01, -3.401576e-01 
6.782500e-01, -3.397412e-01 
6.785000e-01, -3.393250e-01 
6.787500e-01, -3.389092e-01 
6.790000e-01, -3.384937e-01 
6.792500e-01, -3.380784e-01 
6.795000e-01, -3.376635e-01 
6.797500e-01, -3.372488e-01 
6.800000e-01, -3.368344e-01 
6.802500e-01, -3.364203e-01 
6.805000e-01, -3.360065e-01 
6.807500e-01, -3.355930e-01 
6.810000e-01, -3.351798e-01 
6.812500e-01, -3.347668e-01 
6.815000e-01, -3.343542e-01 
6.817500e-01, -3.339418e-01 
6.820000e-01, -3.335297e-01 
6.822500e-01, -3.331179e-01 
6.825000e-01, -3.327064e-01 
6.827500e-01, -3.322952e-01 
6.830000e-01, -3.318843e-01 
6.832500e-01, -3.314737e-01 
6.835000e-01, -3.310633e-01 
6.837500e-01, -3.306533e-01 
6.840000e-01, -3.302435e-01 
6.842500e-01, -3.298340e-01 
6.845000e-01, -3.294248e-01 
6.847500e-01, -3.290159e-01 
6.850000e-01, -3.286072e-01 
6.852500e-01, -3.281989e-01 
6.855000e-01, -3.277908e-01 
6.857500e-01, -3.273830e-01 
6.860000e-01, -3.269755e-01 
6.862500e-01, -3.265683e-01 
6.865000e-01, -3.261614e-01 
6.867500e-01, -3.257548e-01 
6.870000e-01, -3.253484e-01 
6.872500e-01, -3.249424e-01 
6.875000e-01, -3.245366e-01 
6.877500e-01, -3.241311e-01 
6.880000e-01, -3.237259e-01 
6.882500e-01, -3.233209e-01 
6.885000e-01, -3.229163e-01 
6.887500e-01, -3.225119e-01 
6.890000e-01, -3.221079e-01 
6.892500e-01, -3.217041e-01 
6.895000e-01, -3.213005e-01 
6.897500e-01, -3.208973e-01 
6.900000e-01, -3.204944e-01 
6.902500e-01, -3.200917e-01 
6.905000e-01, -3.196893e-01 
6.907500e-01, -3.192872e-01 
6.910000e-01, -3.188854e-01 
6.912500e-01, -3.184839e-01 
6.915000e-01, -3.180826e-01 
6.917500e-01, -3.176817e-01 
6.920000e-01, -3.172810e-01 
6.922500e-01, -3.168806e-01 
6.925000e-01, -3.164804e-01 
6.927500e-01, -3.160806e-01 
6.930000e-01, -3.156810e-01 
6.932500e-01, -3.152818e-01 
6.935000e-01, -3.148828e-01 
6.937500e-01, -3.144840e-01 
6.940000e-01, -3.140856e-01 
6.942500e-01, -3.136874e-01 
6.945000e-01, -3.132896e-01 
6.947500e-01, -3.128920e-01 
6.950000e-01, -3.124946e-01 
6.952500e-01, -3.120976e-01 
6.955000e-01, -3.117008e-01 
6.957500e-01, -3.113044e-01 
6.960000e-01, -3.109082e-01 
6.962500e-01, -3.105123e-01 
6.965000e-01, -3.101166e-01 
6.967500e-01, -3.097212e-01 
6.970000e-01, -3.093262e-01 
6.972500e-01, -3.089314e-01 
6.975000e-01, -3.085368e-01 
6.977500e-01, -3.081426e-01 
6.980000e-01, -3.077486e-01 
6.982500e-01, -3.073549e-01 
6.985000e-01, -3.069615e-01 
6.987500e-01, -3.065684e-01 
6.990000e-01, -3.061755e-01 
6.992500e-01, -3.057829e-01 
6.995000e-01, -3.053906e-01 
6.997500e-01, -3.049986e-01 
7.000000e-01, -3.046069e-01 
7.002500e-01, -3.042154e-01 
7.005000e-01, -3.038242e-01 
7.007500e-01, -3.034333e-01 
7.010000e-01, -3.030426e-01 
7.012500e-01, -3.026523e-01 
7.015000e-01, -3.022622e-01 
7.017500e-01, -3.018724e-01 
7.020000e-01, -3.014828e-01 
7.022500e-01, -3.010936e-01 
7.025000e-01, -3.007046e-01 
7.027500e-01, -3.003159e-01 
7.030000e-01, -2.999274e-01 
7.032500e-01, -2.995393e-01 
7.035000e-01, -2.991514e-01 
7.037500e-01, -2.987638e-01 
7.040000e-01, -2.983764e-01 
7.042500e-01, -2.979894e-01 
7.045000e-01, -2.976026e-01 
7.047500e-01, -2.972161e-01 
7.050000e-01, -2.968298e-01 
7.052500e-01, -2.964439e-01 
7.055000e-01, -2.960582e-01 
7.057500e-01, -2.956727e-01 
7.060000e-01, -2.952876e-01 
7.062500e-01, -2.949027e-01 
7.065000e-01, -2.945181e-01 
7.067500e-01, -2.941338e-01 
7.070000e-01, -2.937498e-01 
7.072500e-01, -2.933660e-01 
7.075000e-01, -2.929825e-01 
7.077500e-01, -2.925992e-01 
7.080000e-01, -2.922163e-01 
7.082500e-01, -2.918336e-01 
7.085000e-01, -2.914512e-01 
7.087500e-01, -2.910690e-01 
7.090000e-01, -2.906872e-01 
7.092500e-01, -2.903056e-01 
7.095000e-01, -2.899242e-01 
7.097500e-01, -2.895432e-01 
7.100000e-01, -2.891624e-01 
7.102500e-01, -2.887819e-01 
7.105000e-01, -2.884016e-01 
7.107500e-01, -2.880216e-01 
7.110000e-01, -2.876419e-01 
7.112500e-01, -2.872625e-01 
7.115000e-01, -2.868833e-01 
7.117500e-01, -2.865045e-01 
7.120000e-01, -2.861258e-01 
7.122500e-01, -2.857475e-01 
7.125000e-01, -2.853694e-01 
7.127500e-01, -2.849916e-01 
7.130000e-01, -2.846140e-01 
7.132500e-01, -2.842368e-01 
7.135000e-01, -2.838598e-01 
7.137500e-01, -2.834830e-01 
7.140000e-01, -2.831066e-01 
7.142500e-01, -2.827304e-01 
7.145000e-01, -2.823544e-01 
7.147500e-01, -2.819788e-01 
7.150000e-01, -2.816034e-01 
7.152500e-01, -2.812283e-01 
7.155000e-01, -2.808534e-01 
7.157500e-01, -2.804788e-01 
7.160000e-01, -2.801045e-01 
7.162500e-01, -2.797305e-01 
7.165000e-01, -2.793567e-01 
7.167500e-01, -2.789832e-01 
7.170000e-01, -2.786099e-01 
7.172500e-01, -2.782369e-01 
7.175000e-01, -2.778642e-01 
7.177500e-01, -2.774918e-01 
7.180000e-01, -2.771196e-01 
7.182500e-01, -2.767477e-01 
7.185000e-01, -2.763760e-01 
7.187500e-01, -2.760047e-01 
7.190000e-01, -2.756336e-01 
7.192500e-01, -2.752627e-01 
7.195000e-01, -2.748921e-01 
7.197500e-01, -2.745218e-01 
7.200000e-01, -2.741518e-01 
7.202500e-01, -2.737820e-01 
7.205000e-01, -2.734125e-01 
7.207500e-01, -2.730432e-01 
7.210000e-01, -2.726742e-01 
7.212500e-01, -2.723055e-01 
7.215000e-01, -2.719370e-01 
7.217500e-01, -2.715688e-01 
7.220000e-01, -2.712009e-01 
7.222500e-01, -2.708332e-01 
7.225000e-01, -2.704658e-01 
7.227500e-01, -2.700987e-01 
7.230000e-01, -2.697318e-01 
7.232500e-01, -2.693652e-01 
7.235000e-01, -2.689989e-01 
7.237500e-01, -2.686328e-01 
7.240000e-01, -2.682670e-01 
7.242500e-01, -2.679014e-01 
7.245000e-01, -2.675361e-01 
7.247500e-01, -2.671711e-01 
7.250000e-01, -2.668064e-01 
7.252500e-01, -2.664419e-01 
7.255000e-01, -2.660776e-01 
7.257500e-01, -2.657136e-01 
7.260000e-01, -2.653499e-01 
7.262500e-01, -2.649865e-01 
7.265000e-01, -2.646233e-01 
7.267500e-01, -2.642604e-01 
7.270000e-01, -2.638977e-01 
7.272500e-01, -2.635353e-01 
7.275000e-01, -2.631731e-01 
7.277500e-01, -2.628113e-01 
7.280000e-01, -2.624497e-01 
7.282500e-01, -2.620883e-01 
7.285000e-01, -2.617272e-01 
7.287500e-01, -2.613664e-01 
7.290000e-01, -2.610058e-01 
7.292500e-01, -2.606455e-01 
7.295000e-01, -2.602854e-01 
7.297500e-01, -2.599256e-01 
7.300000e-01, -2.595661e-01 
7.302500e-01, -2.592068e-01 
7.305000e-01, -2.588478e-01 
7.307500e-01, -2.584891e-01 
7.310000e-01, -2.581306e-01 
7.312500e-01, -2.577723e-01 
7.315000e-01, -2.574144e-01 
7.317500e-01, -2.570566e-01 
7.320000e-01, -2.566992e-01 
7.322500e-01, -2.563420e-01 
7.325000e-01, -2.559851e-01 
7.327500e-01, -2.556284e-01 
7.330000e-01, -2.552720e-01 
7.332500e-01, -2.549158e-01 
7.335000e-01, -2.545599e-01 
7.337500e-01, -2.542043e-01 
7.340000e-01, -2.538489e-01 
7.342500e-01, -2.534937e-01 
7.345000e-01, -2.531389e-01 
7.347500e-01, -2.527843e-01 
7.350000e-01, -2.524299e-01 
7.352500e-01, -2.520758e-01 
7.355000e-01, -2.517220e-01 
7.357500e-01, -2.513684e-01 
7.360000e-01, -2.510151e-01 
7.362500e-01, -2.506620e-01 
7.365000e-01, -2.503092e-01 
7.367500e-01, -2.499566e-01 
7.370000e-01, -2.496043e-01 
7.372500e-01, -2.492523e-01 
7.375000e-01, -2.489005e-01 
7.377500e-01, -2.485490e-01 
7.380000e-01, -2.481977e-01 
7.382500e-01, -2.478467e-01 
7.385000e-01, -2.474960e-01 
7.387500e-01, -2.471454e-01 
7.390000e-01, -2.467952e-01 
7.392500e-01, -2.464452e-01 
7.395000e-01, -2.460955e-01 
7.397500e-01, -2.457460e-01 
7.400000e-01, -2.453968e-01 
7.402500e-01, -2.450478e-01 
7.405000e-01, -2.446991e-01 
7.407500e-01, -2.443506e-01 
7.410000e-01, -2.440024e-01 
7.412500e-01, -2.436544e-01 
7.415000e-01, -2.433067e-01 
7.417500e-01, -2.429593e-01 
7.420000e-01, -2.426121e-01 
7.422500e-01, -2.422652e-01 
7.425000e-01, -2.419185e-01 
7.427500e-01, -2.415721e-01 
7.430000e-01, -2.412259e-01 
7.432500e-01, -2.408800e-01 
7.435000e-01, -2.405343e-01 
7.437500e-01, -2.401889e-01 
7.440000e-01, -2.398437e-01 
7.442500e-01, -2.394988e-01 
7.445000e-01, -2.391541e-01 
7.447500e-01, -2.388097e-01 
7.450000e-01, -2.384656e-01 
7.452500e-01, -2.381217e-01 
7.455000e-01, -2.377780e-01 
7.457500e-01, -2.374346e-01 
7.460000e-01, -2.370915e-01 
7.462500e-01, -2.367486e-01 
7.465000e-01, -2.364060e-01 
7.467500e-01, -2.360636e-01 
7.470000e-01, -2.357214e-01 
7.472500e-01, -2.353796e-01 
7.475000e-01, -2.350379e-01 
7.477500e-01, -2.346965e-01 
7.480000e-01, -2.343554e-01 
7.482500e-01, -2.340145e-01 
7.485000e-01, -2.336739e-01 
7.487500e-01, -2.333335e-01 
7.490000e-01, -2.329934e-01 
7.492500e-01, -2.326535e-01 
7.495000e-01, -2.323139e-01 
7.497500e-01, -2.319745e-01 
7.500000e-01, -2.316354e-01 
7.502500e-01, -2.312965e-01 
7.505000e-01, -2.309579e-01 
7.507500e-01, -2.306195e-01 
7.510000e-01, -2.302814e-01 
7.512500e-01, -2.299435e-01 
7.515000e-01, -2.296059e-01 
7.517500e-01, -2.292685e-01 
7.520000e-01, -2.289313e-01 
7.522500e-01, -2.285945e-01 
7.525000e-01, -2.282578e-01 
7.527500e-01, -2.279214e-01 
7.530000e-01, -2.275853e-01 
7.532500e-01, -2.272494e-01 
7.535000e-01, -2.269138e-01 
7.537500e-01, -2.265784e-01 
7.540000e-01, -2.262432e-01 
7.542500e-01, -2.259083e-01 
7.545000e-01, -2.255737e-01 
7.547500e-01, -2.252393e-01 
7.550000e-01, -2.249051e-01 
7.552500e-01, -2.245712e-01 
7.555000e-01, -2.242376e-01 
7.557500e-01, -2.239041e-01 
7.560000e-01, -2.235710e-01 
7.562500e-01, -2.232381e-01 
7.565000e-01, -2.229054e-01 
7.567500e-01, -2.225730e-01 
7.570000e-01, -2.222408e-01 
7.572500e-01, -2.219089e-01 
7.575000e-01, -2.215772e-01 
7.577500e-01, -2.212457e-01 
7.580000e-01, -2.209145e-01 
7.582500e-01, -2.205836e-01 
7.585000e-01, -2.202529e-01 
7.587500e-01, -2.199224e-01 
7.590000e-01, -2.195922e-01 
7.592500e-01, -2.192623e-01 
7.595000e-01, -2.189325e-01 
7.597500e-01, -2.186031e-01 
7.600000e-01, -2.182738e-01 
7.602500e-01, -2.179449e-01 
7.605000e-01, -2.176161e-01 
7.607500e-01, -2.172876e-01 
7.610000e-01, -2.169594e-01 
7.612500e-01, -2.166314e-01 
7.615000e-01, -2.163036e-01 
7.617500e-01, -2.159761e-01 
7.620000e-01, -2.156488e-01 
7.622500e-01, -2.153218e-01 
7.625000e-01, -2.149950e-01 
7.627500e-01, -2.146685e-01 
7.630000e-01, -2.143422e-01 
7.632500e-01, -2.140161e-01 
7.635000e-01, -2.136903e-01 
7.637500e-01, -2.133647e-01 
7.640000e-01, -2.130394e-01 
7.642500e-01, -2.127143e-01 
7.645000e-01, -2.123895e-01 
7.647500e-01, -2.120649e-01 
7.650000e-01, -2.117405e-01 
7.652500e-01, -2.114164e-01 
7.655000e-01, -2.110926e-01 
7.657500e-01, -2.107689e-01 
7.660000e-01, -2.104455e-01 
7.662500e-01, -2.101224e-01 
7.665000e-01, -2.097995e-01 
7.667500e-01, -2.094769e-01 
7.670000e-01, -2.091544e-01 
7.672500e-01, -2.088323e-01 
7.675000e-01, -2.085103e-01 
7.677500e-01, -2.081886e-01 
7.680000e-01, -2.078672e-01 
7.682500e-01, -2.075460e-01 
7.685000e-01, -2.072250e-01 
7.687500e-01, -2.069043e-01 
7.690000e-01, -2.065838e-01 
7.692500e-01, -2.062636e-01 
7.695000e-01, -2.059435e-01 
7.697500e-01, -2.056238e-01 
7.700000e-01, -2.053043e-01 
7.702500e-01, -2.049850e-01 
7.705000e-01, -2.046659e-01 
7.707500e-01, -2.043471e-01 
7.710000e-01, -2.040286e-01 
7.712500e-01, -2.037102e-01 
7.715000e-01, -2.033922e-01 
7.717500e-01, -2.030743e-01 
7.720000e-01, -2.027567e-01 
7.722500e-01, -2.024393e-01 
7.725000e-01, -2.021222e-01 
7.727500e-01, -2.018053e-01 
7.730000e-01, -2.014887e-01 
7.732500e-01, -2.011723e-01 
7.735000e-01, -2.008561e-01 
7.737500e-01, -2.005401e-01 
7.740000e-01, -2.002245e-01 
7.742500e-01, -1.999090e-01 
7.745000e-01, -1.995938e-01 
7.747500e-01, -1.992788e-01 
7.750000e-01, -1.989641e-01 
7.752500e-01, -1.986495e-01 
7.755000e-01, -1.983353e-01 
7.757500e-01, -1.980213e-01 
7.760000e-01, -1.977075e-01 
7.762500e-01, -1.973939e-01 
7.765000e-01, -1.970806e-01 
7.767500e-01, -1.967675e-01 
7.770000e-01, -1.964547e-01 
7.772500e-01, -1.961421e-01 
7.775000e-01, -1.958297e-01 
7.777500e-01, -1.955176e-01 
7.780000e-01, -1.952057e-01 
7.782500e-01, -1.948940e-01 
7.785000e-01, -1.945826e-01 
7.787500e-01, -1.942714e-01 
7.790000e-01, -1.939604e-01 
7.792500e-01, -1.936497e-01 
7.795000e-01, -1.933392e-01 
7.797500e-01, -1.930290e-01 
7.800000e-01, -1.927190e-01 
7.802500e-01, -1.924092e-01 
7.805000e-01, -1.920997e-01 
7.807500e-01, -1.917904e-01 
7.810000e-01, -1.914813e-01 
7.812500e-01, -1.911725e-01 
7.815000e-01, -1.908639e-01 
7.817500e-01, -1.905555e-01 
7.820000e-01, -1.902474e-01 
7.822500e-01, -1.899395e-01 
7.825000e-01, -1.896318e-01 
7.827500e-01, -1.893244e-01 
7.830000e-01, -1.890172e-01 
7.832500e-01, -1.887103e-01 
7.835000e-01, -1.884036e-01 
7.837500e-01, -1.880971e-01 
7.840000e-01, -1.877908e-01 
7.842500e-01, -1.874848e-01 
7.845000e-01, -1.871790e-01 
7.847500e-01, -1.868735e-01 
7.850000e-01, -1.865681e-01 
7.852500e-01, -1.862631e-01 
7.855000e-01, -1.859582e-01 
7.857500e-01, -1.856536e-01 
7.860000e-01, -1.853492e-01 
7.862500e-01, -1.850450e-01 
7.865000e-01, -1.847411e-01 
7.867500e-01, -1.844374e-01 
7.870000e-01, -1.841340e-01 
7.872500e-01, -1.838308e-01 
7.875000e-01, -1.835278e-01 
7.877500e-01, -1.832250e-01 
7.880000e-01, -1.829225e-01 
7.882500e-01, -1.826202e-01 
7.885000e-01, -1.823181e-01 
7.887500e-01, -1.820163e-01 
7.890000e-01, -1.817147e-01 
7.892500e-01, -1.814133e-01 
7.895000e-01, -1.811122e-01 
7.897500e-01, -1.808113e-01 
7.900000e-01, -1.805106e-01 
7.902500e-01, -1.802102e-01 
7.905000e-01, -1.799100e-01 
7.907500e-01, -1.796100e-01 
7.910000e-01, -1.793102e-01 
7.912500e-01, -1.790107e-01 
7.915000e-01, -1.787114e-01 
7.917500e-01, -1.784124e-01 
7.920000e-01, -1.781135e-01 
7.922500e-01, -1.778149e-01 
7.925000e-01, -1.775166e-01 
7.927500e-01, -1.772184e-01 
7.930000e-01, -1.769205e-01 
7.932500e-01, -1.766228e-01 
7.935000e-01, -1.763254e-01 
7.937500e-01, -1.760282e-01 
7.940000e-01, -1.757312e-01 
7.942500e-01, -1.754344e-01 
7.945000e-01, -1.751379e-01 
7.947500e-01, -1.748416e-01 
7.950000e-01, -1.745455e-01 
7.952500e-01, -1.742496e-01 
7.955000e-01, -1.739540e-01 
7.957500e-01, -1.736586e-01 
7.960000e-01, -1.733635e-01 
7.962500e-01, -1.730685e-01 
7.965000e-01, -1.727738e-01 
7.967500e-01, -1.724794e-01 
7.970000e-01, -1.721851e-01 
7.972500e-01, -1.718911e-01 
7.975000e-01, -1.715973e-01 
7.977500e-01, -1.713037e-01 
7.980000e-01, -1.710104e-01 
7.982500e-01, -1.707173e-01 
7.985000e-01, -1.704244e-01 
7.987500e-01, -1.701318e-01 
7.990000e-01, -1.698393e-01 
7.992500e-01, -1.695471e-01 
7.995000e-01, -1.692552e-01 
7.997500e-01, -1.689634e-01 
8.000000e-01, -1.686719e-01 
8.002500e-01, -1.683806e-01 
8.005000e-01, -1.680895e-01 
8.007500e-01, -1.677987e-01 
8.010000e-01, -1.675081e-01 
8.012500e-01, -1.672177e-01 
8.015000e-01, -1.669275e-01 
8.017500e-01, -1.666376e-01 
8.020000e-01, -1.663479e-01 
8.022500e-01, -1.660584e-01 
8.025000e-01, -1.657692e-01 
8.027500e-01, -1.654801e-01 
8.030000e-01, -1.651913e-01 
8.032500e-01, -1.649027e-01 
8.035000e-01, -1.646144e-01 
8.037500e-01, -1.643263e-01 
8.040000e-01, -1.640384e-01 
8.042500e-01, -1.637507e-01 
8.045000e-01, -1.634632e-01 
8.047500e-01, -1.631760e-01 
8.050000e-01, -1.628890e-01 
8.052500e-01, -1.626022e-01 
8.055000e-01, -1.623156e-01 
8.057500e-01, -1.620293e-01 
8.060000e-01, -1.617432e-01 
8.062500e-01, -1.614573e-01 
8.065000e-01, -1.611716e-01 
8.067500e-01, -1.608862e-01 
8.070000e-01, -1.606010e-01 
8.072500e-01, -1.603160e-01 
8.075000e-01, -1.600312e-01 
8.077500e-01, -1.597467e-01 
8.080000e-01, -1.594624e-01 
8.082500e-01, -1.591783e-01 
8.085000e-01, -1.588944e-01 
8.087500e-01, -1.586108e-01 
8.090000e-01, -1.583273e-01 
8.092500e-01, -1.580441e-01 
8.095000e-01, -1.577612e-01 
8.097500e-01, -1.574784e-01 
8.100000e-01, -1.571959e-01 
8.102500e-01, -1.569135e-01 
8.105000e-01, -1.566315e-01 
8.107500e-01, -1.563496e-01 
8.110000e-01, -1.560679e-01 
8.112500e-01, -1.557865e-01 
8.115000e-01, -1.555053e-01 
8.117500e-01, -1.552243e-01 
8.120000e-01, -1.549436e-01 
8.122500e-01, -1.546630e-01 
8.125000e-01, -1.543827e-01 
8.127500e-01, -1.541026e-01 
8.130000e-01, -1.538227e-01 
8.132500e-01, -1.535431e-01 
8.135000e-01, -1.532637e-01 
8.137500e-01, -1.529844e-01 
8.140000e-01, -1.527055e-01 
8.142500e-01, -1.524267e-01 
8.145000e-01, -1.521481e-01 
8.147500e-01, -1.518698e-01 
8.150000e-01, -1.515917e-01 
8.152500e-01, -1.513138e-01 
8.155000e-01, -1.510361e-01 
8.157500e-01, -1.507587e-01 
8.160000e-01, -1.504815e-01 
8.162500e-01, -1.502045e-01 
8.165000e-01, -1.499277e-01 
8.167500e-01, -1.496511e-01 
8.170000e-01, -1.493748e-01 
8.172500e-01, -1.490986e-01 
8.175000e-01, -1.488227e-01 
8.177500e-01, -1.485470e-01 
8.180000e-01, -1.482716e-01 
8.182500e-01, -1.479963e-01 
8.185000e-01, -1.477213e-01 
8.187500e-01, -1.474465e-01 
8.190000e-01, -1.471719e-01 
8.192500e-01, -1.468975e-01 
8.195000e-01, -1.466233e-01 
8.197500e-01, -1.463494e-01 
8.200000e-01, -1.460757e-01 
8.202500e-01, -1.458022e-01 
8.205000e-01, -1.455289e-01 
8.207500e-01, -1.452558e-01 
8.210000e-01, -1.449830e-01 
8.212500e-01, -1.447103e-01 
8.215000e-01, -1.444379e-01 
8.217500e-01, -1.441657e-01 
8.220000e-01, -1.438937e-01 
8.222500e-01, -1.436220e-01 
8.225000e-01, -1.433504e-01 
8.227500e-01, -1.430791e-01 
8.230000e-01, -1.428080e-01 
8.232500e-01, -1.425371e-01 
8.235000e-01, -1.422664e-01 
8.237500e-01, -1.419960e-01 
8.240000e-01, -1.417257e-01 
8.242500e-01, -1.414557e-01 
8.245000e-01, -1.411859e-01 
8.247500e-01, -1.409163e-01 
8.250000e-01, -1.406469e-01 
8.252500e-01, -1.403778e-01 
8.255000e-01, -1.401088e-01 
8.257500e-01, -1.398401e-01 
8.260000e-01, -1.395716e-01 
8.262500e-01, -1.393033e-01 
8.265000e-01, -1.390352e-01 
8.267500e-01, -1.387673e-01 
8.270000e-01, -1.384997e-01 
8.272500e-01, -1.382323e-01 
8.275000e-01, -1.379650e-01 
8.277500e-01, -1.376980e-01 
8.280000e-01, -1.374313e-01 
8.282500e-01, -1.371647e-01 
8.285000e-01, -1.368983e-01 
8.287500e-01, -1.366322e-01 
8.290000e-01, -1.363663e-01 
8.292500e-01, -1.361005e-01 
8.295000e-01, -1.358350e-01 
8.297500e-01, -1.355698e-01 
8.300000e-01, -1.353047e-01 
8.302500e-01, -1.350398e-01 
8.305000e-01, -1.347752e-01 
8.307500e-01, -1.345108e-01 
8.310000e-01, -1.342466e-01 
8.312500e-01, -1.339826e-01 
8.315000e-01, -1.337188e-01 
8.317500e-01, -1.334552e-01 
8.320000e-01, -1.331918e-01 
8.322500e-01, -1.329287e-01 
8.325000e-01, -1.326658e-01 
8.327500e-01, -1.324030e-01 
8.330000e-01, -1.321405e-01 
8.332500e-01, -1.318782e-01 
8.335000e-01, -1.316162e-01 
8.337500e-01, -1.313543e-01 
8.340000e-01, -1.310926e-01 
8.342500e-01, -1.308312e-01 
8.345000e-01, -1.305700e-01 
8.347500e-01, -1.303089e-01 
8.350000e-01, -1.300481e-01 
8.352500e-01, -1.297876e-01 
8.355000e-01, -1.295272e-01 
8.357500e-01, -1.292670e-01 
8.360000e-01, -1.290070e-01 
8.362500e-01, -1.287473e-01 
8.365000e-01, -1.284878e-01 
8.367500e-01, -1.282285e-01 
8.370000e-01, -1.279693e-01 
8.372500e-01, -1.277104e-01 
8.375000e-01, -1.274518e-01 
8.377500e-01, -1.271933e-01 
8.380000e-01, -1.269350e-01 
8.382500e-01, -1.266770e-01 
8.385000e-01, -1.264191e-01 
8.387500e-01, -1.261615e-01 
8.390000e-01, -1.259041e-01 
8.392500e-01, -1.256469e-01 
8.395000e-01, -1.253899e-01 
8.397500e-01, -1.251331e-01 
8.400000e-01, -1.248765e-01 
8.402500e-01, -1.246201e-01 
8.405000e-01, -1.243640e-01 
8.407500e-01, -1.241080e-01 
8.410000e-01, -1.238523e-01 
8.412500e-01, -1.235968e-01 
8.415000e-01, -1.233415e-01 
8.417500e-01, -1.230863e-01 
8.420000e-01, -1.228314e-01 
8.422500e-01, -1.225768e-01 
8.425000e-01, -1.223223e-01 
8.427500e-01, -1.220680e-01 
8.430000e-01, -1.218139e-01 
8.432500e-01, -1.215601e-01 
8.435000e-01, -1.213065e-01 
8.437500e-01, -1.210530e-01 
8.440000e-01, -1.207998e-01 
8.442500e-01, -1.205468e-01 
8.445000e-01, -1.202940e-01 
8.447500e-01, -1.200414e-01 
8.450000e-01, -1.197890e-01 
8.452500e-01, -1.195368e-01 
8.455000e-01, -1.192848e-01 
8.457500e-01, -1.190331e-01 
8.460000e-01, -1.187815e-01 
8.462500e-01, -1.185302e-01 
8.465000e-01, -1.182790e-01 
8.467500e-01, -1.180281e-01 
8.470000e-01, -1.177774e-01 
8.472500e-01, -1.175268e-01 
8.475000e-01, -1.172765e-01 
8.477500e-01, -1.170264e-01 
8.480000e-01, -1.167765e-01 
8.482500e-01, -1.165269e-01 
8.485000e-01, -1.162774e-01 
8.487500e-01, -1.160281e-01 
8.490000e-01, -1.157790e-01 
8.492500e-01, -1.155302e-01 
8.495000e-01, -1.152815e-01 
8.497500e-01, -1.150331e-01 
8.500000e-01, -1.147848e-01 
8.502500e-01, -1.145368e-01 
8.505000e-01, -1.142890e-01 
8.507500e-01, -1.140414e-01 
8.510000e-01, -1.137939e-01 
8.512500e-01, -1.135467e-01 
8.515000e-01, -1.132997e-01 
8.517500e-01, -1.130529e-01 
8.520000e-01, -1.128063e-01 
8.522500e-01, -1.125600e-01 
8.525000e-01, -1.123138e-01 
8.527500e-01, -1.120678e-01 
8.530000e-01, -1.118220e-01 
8.532500e-01, -1.115765e-01 
8.535000e-01, -1.113311e-01 
8.537500e-01, -1.110860e-01 
8.540000e-01, -1.108410e-01 
8.542500e-01, -1.105963e-01 
8.545000e-01, -1.103517e-01 
8.547500e-01, -1.101074e-01 
8.550000e-01, -1.098633e-01 
8.552500e-01, -1.096194e-01 
8.555000e-01, -1.093756e-01 
8.557500e-01, -1.091321e-01 
8.560000e-01, -1.088888e-01 
8.562500e-01, -1.086457e-01 
8.565000e-01, -1.084028e-01 
8.567500e-01, -1.081601e-01 
8.570000e-01, -1.079176e-01 
8.572500e-01, -1.076753e-01 
8.575000e-01, -1.074332e-01 
8.577500e-01, -1.071914e-01 
8.580000e-01, -1.069497e-01 
8.582500e-01, -1.067082e-01 
8.585000e-01, -1.064669e-01 
8.587500e-01, -1.062259e-01 
8.590000e-01, -1.059850e-01 
8.592500e-01, -1.057443e-01 
8.595000e-01, -1.055039e-01 
8.597500e-01, -1.052636e-01 
8.600000e-01, -1.050236e-01 
8.602500e-01, -1.047837e-01 
8.605000e-01, -1.045441e-01 
8.607500e-01, -1.043046e-01 
8.610000e-01, -1.040654e-01 
8.612500e-01, -1.038264e-01 
8.615000e-01, -1.035875e-01 
8.617500e-01, -1.033489e-01 
8.620000e-01, -1.031105e-01 
8.622500e-01, -1.028722e-01 
8.625000e-01, -1.026342e-01 
8.627500e-01, -1.023964e-01 
8.630000e-01, -1.021587e-01 
8.632500e-01, -1.019213e-01 
8.635000e-01, -1.016841e-01 
8.637500e-01, -1.014471e-01 
8.640000e-01, -1.012103e-01 
8.642500e-01, -1.009736e-01 
8.645000e-01, -1.007372e-01 
8.647500e-01, -1.005010e-01 
8.650000e-01, -1.002650e-01 
8.652500e-01, -1.000292e-01 
8.655000e-01, -9.979358e-02 
8.657500e-01, -9.955817e-02 
8.660000e-01, -9.932296e-02 
8.662500e-01, -9.908795e-02 
8.665000e-01, -9.885314e-02 
8.667500e-01, -9.861853e-02 
8.670000e-01, -9.838412e-02 
8.672500e-01, -9.814991e-02 
8.675000e-01, -9.791591e-02 
8.677500e-01, -9.768210e-02 
8.680000e-01, -9.744849e-02 
8.682500e-01, -9.721508e-02 
8.685000e-01, -9.698187e-02 
8.687500e-01, -9.674887e-02 
8.690000e-01, -9.651606e-02 
8.692500e-01, -9.628345e-02 
8.695000e-01, -9.605104e-02 
8.697500e-01, -9.581883e-02 
8.700000e-01, -9.558682e-02 
8.702500e-01, -9.535500e-02 
8.705000e-01, -9.512339e-02 
8.707500e-01, -9.489198e-02 
8.710000e-01, -9.466076e-02 
8.712500e-01, -9.442975e-02 
8.715000e-01, -9.419893e-02 
8.717500e-01, -9.396831e-02 
8.720000e-01, -9.373789e-02 
8.722500e-01, -9.350767e-02 
8.725000e-01, -9.327764e-02 
8.727500e-01, -9.304782e-02 
8.730000e-01, -9.281819e-02 
8.732500e-01, -9.258876e-02 
8.735000e-01, -9.235953e-02 
8.737500e-01, -9.213050e-02 
8.740000e-01, -9.190167e-02 
8.742500e-01, -9.167303e-02 
8.745000e-01, -9.144459e-02 
8.747500e-01, -9.121635e-02 
8.750000e-01, -9.098830e-02 
8.752500e-01, -9.076046e-02 
8.755000e-01, -9.053281e-02 
8.757500e-01, -9.030535e-02 
8.760000e-01, -9.007810e-02 
8.762500e-01, -8.985104e-02 
8.765000e-01, -8.962418e-02 
8.767500e-01, -8.939751e-02 
8.770000e-01, -8.917105e-02 
8.772500e-01, -8.894478e-02 
8.775000e-01, -8.871870e-02 
8.777500e-01, -8.849282e-02 
8.780000e-01, -8.826714e-02 
8.782500e-01, -8.804166e-02 
8.785000e-01, -8.781637e-02 
8.787500e-01, -8.759128e-02 
8.790000e-01, -8.736638e-02 
8.792500e-01, -8.714168e-02 
8.795000e-01, -8.691718e-02 
8.797500e-01, -8.669287e-02 
8.800000e-01, -8.646876e-02 
8.802500e-01, -8.624484e-02 
8.805000e-01, -8.602112e-02 
8.807500e-01, -8.579759e-02 
8.810000e-01, -8.557426e-02 
8.812500e-01, -8.535113e-02 
8.815000e-01, -8.512819e-02 
8.817500e-01, -8.490544e-02 
8.820000e-01, -8.468289e-02 
8.822500e-01, -8.446054e-02 
8.825000e-01, -8.423838e-02 
8.827500e-01, -8.401641e-02 
8.830000e-01, -8.379464e-02 
8.832500e-01, -8.357307e-02 
8.835000e-01, -8.335168e-02 
8.837500e-01, -8.313050e-02 
8.840000e-01, -8.290950e-02 
8.842500e-01, -8.268871e-02 
8.845000e-01, -8.246810e-02 
8.847500e-01, -8.224769e-02 
8.850000e-01, -8.202748e-02 
8.852500e-01, -8.180746e-02 
8.855000e-01, -8.158763e-02 
8.857500e-01, -8.136799e-02 
8.860000e-01, -8.114855e-02 
8.862500e-01, -8.092931e-02 
8.865000e-01, -8.071025e-02 
8.867500e-01, -8.049139e-02 
8.870000e-01, -8.027273e-02 
8.872500e-01, -8.005425e-02 
8.875000e-01, -7.983597e-02 
8.877500e-01, -7.961789e-02 
8.880000e-01, -7.939999e-02 
8.882500e-01, -7.918229e-02 
8.885000e-01, -7.896478e-02 
8.887500e-01, -7.874747e-02 
8.890000e-01, -7.853034e-02 
8.892500e-01, -7.831341e-02 
8.895000e-01, -7.809668e-02 
8.897500e-01, -7.788013e-02 
8.900000e-01, -7.766378e-02 
8.902500e-01, -7.744762e-02 
8.905000e-01, -7.723165e-02 
8.907500e-01, -7.701587e-02 
8.910000e-01, -7.680029e-02 
8.912500e-01, -7.658489e-02 
8.915000e-01, -7.636969e-02 
8.917500e-01, -7.615468e-02 
8.920000e-01, -7.593987e-02 
8.922500e-01, -7.572524e-02 
8.925000e-01, -7.551081e-02 
8.927500e-01, -7.529656e-02 
8.930000e-01, -7.508251e-02 
8.932500e-01, -7.486865e-02 
8.935000e-01, -7.465498e-02 
8.937500e-01, -7.444150e-02 
8.940000e-01, -7.422822e-02 
8.942500e-01, -7.401512e-02 
8.945000e-01, -7.380221e-02 
8.947500e-01, -7.358950e-02 
8.950000e-01, -7.337697e-02 
8.952500e-01, -7.316464e-02 
8.955000e-01, -7.295250e-02 
8.957500e-01, -7.274055e-02 
8.960000e-01, -7.252878e-02 
8.962500e-01, -7.231721e-02 
8.965000e-01, -7.210583e-02 
8.967500e-01, -7.189464e-02 
8.970000e-01, -7.168363e-02 
8.972500e-01, -7.147282e-02 
8.975000e-01, -7.126220e-02 
8.977500e-01, -7.105177e-02 
8.980000e-01, -7.084152e-02 
8.982500e-01, -7.063147e-02 
8.985000e-01, -7.042161e-02 
8.987500e-01, -7.021193e-02 
8.990000e-01, -7.000245e-02 
8.992500e-01, -6.979315e-02 
8.995000e-01, -6.958404e-02 
8.997500e-01, -6.937513e-02 
9.000000e-01, -6.916640e-02 
9.002500e-01, -6.895786e-02 
9.005000e-01, -6.874951e-02 
9.007500e-01, -6.854135e-02 
9.010000e-01, -6.833337e-02 
9.012500e-01, -6.812559e-02 
9.015000e-01, -6.791799e-02 
9.017500e-01, -6.771058e-02 
9.020000e-01, -6.750336e-02 
9.022500e-01, -6.729633e-02 
9.025000e-01, -6.708949e-02 
9.027500e-01, -6.688283e-02 
9.030000e-01, -6.667637e-02 
9.032500e-01, -6.647009e-02 
9.035000e-01, -6.626399e-02 
9.037500e-01, -6.605809e-02 
9.040000e-01, -6.585237e-02 
9.042500e-01, -6.564685e-02 
9.045000e-01, -6.544150e-02 
9.047500e-01, -6.523635e-02 
9.050000e-01, -6.503139e-02 
9.052500e-01, -6.482661e-02 
9.055000e-01, -6.462201e-02 
9.057500e-01, -6.441761e-02 
9.060000e-01, -6.421339e-02 
9.062500e-01, -6.400936e-02 
9.065000e-01, -6.380552e-02 
9.067500e-01, -6.360186e-02 
9.070000e-01, -6.339839e-02 
9.072500e-01, -6.319511e-02 
9.075000e-01, -6.299201e-02 
9.077500e-01, -6.278910e-02 
9.080000e-01, -6.258638e-02 
9.082500e-01, -6.238384e-02 
9.085000e-01, -6.218149e-02 
9.087500e-01, -6.197932e-02 
9.090000e-01, -6.177734e-02 
9.092500e-01, -6.157555e-02 
9.095000e-01, -6.137394e-02 
9.097500e-01, -6.117252e-02 
9.100000e-01, -6.097128e-02 
9.102500e-01, -6.077023e-02 
9.105000e-01, -6.056937e-02 
9.107500e-01, -6.036869e-02 
9.110000e-01, -6.016819e-02 
9.112500e-01, -5.996788e-02 
9.115000e-01, -5.976776e-02 
9.117500e-01, -5.956782e-02 
9.120000e-01, -5.936807e-02 
9.122500e-01, -5.916850e-02 
9.125000e-01, -5.896912e-02 
9.127500e-01, -5.876992e-02 
9.130000e-01, -5.857091e-02 
9.132500e-01, -5.837208e-02 
9.135000e-01, -5.817343e-02 
9.137500e-01, -5.797497e-02 
9.140000e-01, -5.777670e-02 
9.142500e-01, -5.757861e-02 
9.145000e-01, -5.738070e-02 
9.147500e-01, -5.718298e-02 
9.150000e-01, -5.698544e-02 
9.152500e-01, -5.678808e-02 
9.155000e-01, -5.659091e-02 
9.157500e-01, -5.639393e-02 
9.160000e-01, -5.619713e-02 
9.162500e-01, -5.600051e-02 
9.165000e-01, -5.580407e-02 
9.167500e-01, -5.560782e-02 
9.170000e-01, -5.541175e-02 
9.172500e-01, -5.521587e-02 
9.175000e-01, -5.502017e-02 
9.177500e-01, -5.482465e-02 
9.180000e-01, -5.462931e-02 
9.182500e-01, -5.443416e-02 
9.185000e-01, -5.423919e-02 
9.187500e-01, -5.404441e-02 
9.190000e-01, -5.384981e-02 
9.192500e-01, -5.365539e-02 
9.195000e-01, -5.346115e-02 
9.197500e-01, -5.326709e-02 
9.200000e-01, -5.307322e-02 
9.202500e-01, -5.287953e-02 
9.205000e-01, -5.268603e-02 
9.207500e-01, -5.249270e-02 
9.210000e-01, -5.229956e-02 
9.212500e-01, -5.210660e-02 
9.215000e-01, -5.191382e-02 
9.217500e-01, -5.172122e-02 
9.220000e-01, -5.152881e-02 
9.222500e-01, -5.133658e-02 
9.225000e-01, -5.114453e-02 
9.227500e-01, -5.095266e-02 
9.230000e-01, -5.076097e-02 
9.232500e-01, -5.056946e-02 
9.235000e-01, -5.037814e-02 
9.237500e-01, -5.018700e-02 
9.240000e-01, -4.999603e-02 
9.242500e-01, -4.980525e-02 
9.245000e-01, -4.961466e-02 
9.247500e-01, -4.942424e-02 
9.250000e-01, -4.923400e-02 
9.252500e-01, -4.904394e-02 
9.255000e-01, -4.885407e-02 
9.257500e-01, -4.866437e-02 
9.260000e-01, -4.847486e-02 
9.262500e-01, -4.828553e-02 
9.265000e-01, -4.809637e-02 
9.267500e-01, -4.790740e-02 
9.270000e-01, -4.771861e-02 
9.272500e-01, -4.753000e-02 
9.275000e-01, -4.734157e-02 
9.277500e-01, -4.715332e-02 
9.280000e-01, -4.696525e-02 
9.282500e-01, -4.677735e-02 
9.285000e-01, -4.658964e-02 
9.287500e-01, -4.640211e-02 
9.290000e-01, -4.621476e-02 
9.292500e-01, -4.602759e-02 
9.295000e-01, -4.584060e-02 
9.297500e-01, -4.565378e-02 
9.300000e-01, -4.546715e-02 
9.302500e-01, -4.528070e-02 
9.305000e-01, -4.509442e-02 
9.307500e-01, -4.490833e-02 
9.310000e-01, -4.472241e-02 
9.312500e-01, -4.453667e-02 
9.315000e-01, -4.435112e-02 
9.317500e-01, -4.416574e-02 
9.320000e-01, -4.398054e-02 
9.322500e-01, -4.379552e-02 
9.325000e-01, -4.361067e-02 
9.327500e-01, -4.342601e-02 
9.330000e-01, -4.324152e-02 
9.332500e-01, -4.305722e-02 
9.335000e-01, -4.287309e-02 
9.337500e-01, -4.268914e-02 
9.340000e-01, -4.250537e-02 
9.342500e-01, -4.232177e-02 
9.345000e-01, -4.213836e-02 
9.347500e-01, -4.195512e-02 
9.350000e-01, -4.177206e-02 
9.352500e-01, -4.158918e-02 
9.355000e-01, -4.140647e-02 
9.357500e-01, -4.122395e-02 
9.360000e-01, -4.104160e-02 
9.362500e-01, -4.085943e-02 
9.365000e-01, -4.067744e-02 
9.367500e-01, -4.049562e-02 
9.370000e-01, -4.031398e-02 
9.372500e-01, -4.013252e-02 
9.375000e-01, -3.995123e-02 
9.377500e-01, -3.977013e-02 
9.380000e-01, -3.958920e-02 
9.382500e-01, -3.940844e-02 
9.385000e-01, -3.922787e-02 
9.387500e-01, -3.904747e-02 
9.390000e-01, -3.886725e-02 
9.392500e-01, -3.868720e-02 
9.395000e-01, -3.850733e-02 
9.397500e-01, -3.832764e-02 
9.400000e-01, -3.814812e-02 
9.402500e-01, -3.796878e-02 
9.405000e-01, -3.778962e-02 
9.407500e-01, -3.761063e-02 
9.410000e-01, -3.743182e-02 
9.412500e-01, -3.725319e-02 
9.415000e-01, -3.707473e-02 
9.417500e-01, -3.689644e-02 
9.420000e-01, -3.671834e-02 
9.422500e-01, -3.654040e-02 
9.425000e-01, -3.636265e-02 
9.427500e-01, -3.618507e-02 
9.430000e-01, -3.600766e-02 
9.432500e-01, -3.583043e-02 
9.435000e-01, -3.565338e-02 
9.437500e-01, -3.547650e-02 
9.440000e-01, -3.529980e-02 
9.442500e-01, -3.512327e-02 
9.445000e-01, -3.494692e-02 
9.447500e-01, -3.477074e-02 
9.450000e-01, -3.459474e-02 
9.452500e-01, -3.441891e-02 
9.455000e-01, -3.424326e-02 
9.457500e-01, -3.406778e-02 
9.460000e-01, -3.389248e-02 
9.462500e-01, -3.371735e-02 
9.465000e-01, -3.354239e-02 
9.467500e-01, -3.336761e-02 
9.470000e-01, -3.319301e-02 
9.472500e-01, -3.301858e-02 
9.475000e-01, -3.284432e-02 
9.477500e-01, -3.267024e-02 
9.480000e-01, -3.249633e-02 
9.482500e-01, -3.232259e-02 
9.485000e-01, -3.214903e-02 
9.487500e-01, -3.197565e-02 
9.490000e-01, -3.180243e-02 
9.492500e-01, -3.162939e-02 
9.495000e-01, -3.145653e-02 
9.497500e-01, -3.128384e-02 
9.500000e-01, -3.111132e-02 
9.502500e-01, -3.093897e-02 
9.505000e-01, -3.076680e-02 
9.507500e-01, -3.059480e-02 
9.510000e-01, -3.042298e-02 
9.512500e-01, -3.025132e-02 
9.515000e-01, -3.007985e-02 
9.517500e-01, -2.990854e-02 
9.520000e-01, -2.973741e-02 
9.522500e-01, -2.956645e-02 
9.525000e-01, -2.939566e-02 
9.527500e-01, -2.922504e-02 
9.530000e-01, -2.905460e-02 
9.532500e-01, -2.888433e-02 
9.535000e-01, -2.871424e-02 
9.537500e-01, -2.854431e-02 
9.540000e-01, -2.837456e-02 
9.542500e-01, -2.820498e-02 
9.545000e-01, -2.803557e-02 
9.547500e-01, -2.786634e-02 
9.550000e-01, -2.769727e-02 
9.552500e-01, -2.752838e-02 
9.555000e-01, -2.735966e-02 
9.557500e-01, -2.719112e-02 
9.560000e-01, -2.702274e-02 
9.562500e-01, -2.685454e-02 
9.565000e-01, -2.668650e-02 
9.567500e-01, -2.651864e-02 
9.570000e-01, -2.635095e-02 
9.572500e-01, -2.618343e-02 
9.575000e-01, -2.601609e-02 
9.577500e-01, -2.584891e-02 
9.580000e-01, -2.568191e-02 
9.582500e-01, -2.551508e-02 
9.585000e-01, -2.534841e-02 
9.587500e-01, -2.518192e-02 
9.590000e-01, -2.501560e-02 
9.592500e-01, -2.484945e-02 
9.595000e-01, -2.468348e-02 
9.597500e-01, -2.451767e-02 
9.600000e-01, -2.435203e-02 
9.602500e-01, -2.418657e-02 
9.605000e-01, -2.402127e-02 
9.607500e-01, -2.385614e-02 
9.610000e-01, -2.369119e-02 
9.612500e-01, -2.352640e-02 
9.615000e-01, -2.336179e-02 
9.617500e-01, -2.319735e-02 
9.620000e-01, -2.303307e-02 
9.622500e-01, -2.286897e-02 
9.625000e-01, -2.270503e-02 
9.627500e-01, -2.254127e-02 
9.630000e-01, -2.237767e-02 
9.632500e-01, -2.221425e-02 
9.635000e-01, -2.205099e-02 
9.637500e-01, -2.188791e-02 
9.640000e-01, -2.172499e-02 
9.642500e-01, -2.156225e-02 
9.645000e-01, -2.139967e-02 
9.647500e-01, -2.123726e-02 
9.650000e-01, -2.107502e-02 
9.652500e-01, -2.091295e-02 
9.655000e-01, -2.075105e-02 
9.657500e-01, -2.058932e-02 
9.660000e-01, -2.042776e-02 
9.662500e-01, -2.026636e-02 
9.665000e-01, -2.010514e-02 
9.667500e-01, -1.994408e-02 
9.670000e-01, -1.978320e-02 
9.672500e-01, -1.962248e-02 
9.675000e-01, -1.946193e-02 
9.677500e-01, -1.930155e-02 
9.680000e-01, -1.914133e-02 
9.682500e-01, -1.898129e-02 
9.685000e-01, -1.882141e-02 
9.687500e-01, -1.866170e-02 
9.690000e-01, -1.850216e-02 
9.692500e-01, -1.834279e-02 
9.695000e-01, -1.818358e-02 
9.697500e-01, -1.802455e-02 
9.700000e-01, -1.786568e-02 
9.702500e-01, -1.770698e-02 
9.705000e-01, -1.754845e-02 
9.707500e-01, -1.739008e-02 
9.710000e-01, -1.723188e-02 
9.712500e-01, -1.707385e-02 
9.715000e-01, -1.691599e-02 
9.717500e-01, -1.675829e-02 
9.720000e-01, -1.660077e-02 
9.722500e-01, -1.644340e-02 
9.725000e-01, -1.628621e-02 
9.727500e-01, -1.612918e-02 
9.730000e-01, -1.597232e-02 
9.732500e-01, -1.581563e-02 
9.735000e-01, -1.565911e-02 
9.737500e-01, -1.550275e-02 
9.740000e-01, -1.534655e-02 
9.742500e-01, -1.519053e-02 
9.745000e-01, -1.503467e-02 
9.747500e-01, -1.487898e-02 
9.750000e-01, -1.472345e-02 
9.752500e-01, -1.456809e-02 
9.755000e-01, -1.441290e-02 
9.757500e-01, -1.425787e-02 
9.760000e-01, -1.410301e-02 
9.762500e-01, -1.394832e-02 
9.765000e-01, -1.379379e-02 
9.767500e-01, -1.363942e-02 
9.770000e-01, -1.348523e-02 
9.772500e-01, -1.333120e-02 
9.775000e-01, -1.317733e-02 
9.777500e-01, -1.302363e-02 
9.780000e-01, -1.287010e-02 
9.782500e-01, -1.271673e-02 
9.785000e-01, -1.256353e-02 
9.787500e-01, -1.241049e-02 
9.790000e-01, -1.225762e-02 
9.792500e-01, -1.210491e-02 
9.795000e-01, -1.195237e-02 
9.797500e-01, -1.180000e-02 
9.800000e-01, -1.164778e-02 
9.802500e-01, -1.149574e-02 
9.805000e-01, -1.134386e-02 
9.807500e-01, -1.119214e-02 
9.810000e-01, -1.104059e-02 
9.812500e-01, -1.088921e-02 
9.815000e-01, -1.073798e-02 
9.817500e-01, -1.058693e-02 
9.820000e-01, -1.043603e-02 
9.822500e-01, -1.028531e-02 
9.825000e-01, -1.013474e-02 
9.827500e-01, -9.984345e-03 
9.830000e-01, -9.834110e-03 
9.832500e-01, -9.684040e-03 
9.835000e-01, -9.534133e-03 
9.837500e-01, -9.384391e-03 
9.840000e-01, -9.234813e-03 
9.842500e-01, -9.085399e-03 
9.845000e-01, -8.936149e-03 
9.847500e-01, -8.787063e-03 
9.850000e-01, -8.638140e-03 
9.852500e-01, -8.489381e-03 
9.855000e-01, -8.340786e-03 
9.857500e-01, -8.192354e-03 
9.860000e-01, -8.044086e-03 
9.862500e-01, -7.895982e-03 
9.865000e-01, -7.748040e-03 
9.867500e-01, -7.600262e-03 
9.870000e-01, -7.452648e-03 
9.872500e-01, -7.305196e-03 
9.875000e-01, -7.157908e-03 
9.877500e-01, -7.010782e-03 
9.880000e-01, -6.863820e-03 
9.882500e-01, -6.717020e-03 
9.885000e-01, -6.570384e-03 
9.887500e-01, -6.423910e-03 
9.890000e-01, -6.277599e-03 
9.892500e-01, -6.131450e-03 
9.895000e-01, -5.985464e-03 
9.897500e-01, -5.839641e-03 
9.900000e-01, -5.693980e-03 
9.902500e-01, -5.548481e-03 
9.905000e-01, -5.403145e-03 
9.907500e-01, -5.257971e-03 
9.910000e-01, -5.112959e-03 
9.912500e-01, -4.968109e-03 
9.915000e-01, -4.823422e-03 
9.917500e-01, -4.678896e-03 
9.920000e-01, -4.534532e-03 
9.922500e-01, -4.390330e-03 
9.925000e-01, -4.246290e-03 
9.927500e-01, -4.102412e-03 
9.930000e-01, -3.958695e-03 
9.932500e-01, -3.815140e-03 
9.935000e-01, -3.671747e-03 
9.937500e-01, -3.528515e-03 
9.940000e-01, -3.385444e-03 
9.942500e-01, -3.242535e-03 
9.945000e-01, -3.099787e-03 
9.947500e-01, -2.957200e-03 
9.950000e-01, -2.814774e-03 
9.952500e-01, -2.672510e-03 
9.955000e-01, -2.530406e-03 
9.957500e-01, -2.388463e-03 
9.960000e-01, -2.246681e-03 
9.962500e-01, -2.105060e-03 
9.965000e-01, -1.963600e-03 
9.967500e-01, -1.822301e-03 
9.970000e-01, -1.681162e-03 
9.972500e-01, -1.540183e-03 
9.975000e-01, -1.399366e-03 
9.977500e-01, -1.258708e-03 
9.980000e-01, -1.118211e-03 
9.982500e-01, -9.778744e-04 
9.985000e-01, -8.376978e-04 
9.987500e-01, -6.976815e-04 
9.990000e-01, -5.578252e-04 
9.992500e-01, -4.181290e-04 
9.995000e-01, -2.785928e-04 
9.997500e-01, -1.392165e-04 
