0.33, -0.77037 
0.330335, -0.770537 
0.33067, -0.770704 
0.331005, -0.770871 
0.33134, -0.771038 
0.331675, -0.771205 
0.33201, -0.771372 
0.332345, -0.771539 
0.33268, -0.771705 
0.333015, -0.771871 
0.33335, -0.772038 
0.333685, -0.772204 
0.33402, -0.77237 
0.334355, -0.772535 
0.33469, -0.772701 
0.335025, -0.772867 
0.33536, -0.773032 
0.335695, -0.773197 
0.33603, -0.773362 
0.336365, -0.773527 
0.3367, -0.773692 
0.337035, -0.773857 
0.33737, -0.774021 
0.337705, -0.774186 
0.33804, -0.77435 
0.338375, -0.774514 
0.33871, -0.774678 
0.339045, -0.774842 
0.33938, -0.775006 
0.339715, -0.77517 
0.34005, -0.775333 
0.340385, -0.775497 
0.34072, -0.77566 
0.341055, -0.775823 
0.34139, -0.775986 
0.341725, -0.776149 
0.34206, -0.776312 
0.342395, -0.776474 
0.34273, -0.776637 
0.343065, -0.776799 
0.3434, -0.776961 
0.343735, -0.777124 
0.34407, -0.777286 
0.344405, -0.777447 
0.34474, -0.777609 
0.345075, -0.777771 
0.34541, -0.777932 
0.345745, -0.778093 
0.34608, -0.778255 
0.346415, -0.778416 
0.34675, -0.778577 
0.347085, -0.778737 
0.34742, -0.778898 
0.347755, -0.779059 
0.34809, -0.779219 
0.348425, -0.779379 
0.34876, -0.77954 
0.349095, -0.7797 
0.34943, -0.77986 
0.349765, -0.780019 
0.3501, -0.780179 
0.350435, -0.780339 
0.35077, -0.780498 
0.351105, -0.780657 
0.35144, -0.780816 
0.351775, -0.780975 
0.35211, -0.781134 
0.352445, -0.781293 
0.35278, -0.781452 
0.353115, -0.78161 
0.35345, -0.781769 
0.353785, -0.781927 
0.35412, -0.782085 
0.354455, -0.782243 
0.35479, -0.782401 
0.355125, -0.782559 
0.35546, -0.782717 
0.355795, -0.782874 
0.35613, -0.783032 
0.356465, -0.783189 
0.3568, -0.783346 
0.357135, -0.783503 
0.35747, -0.78366 
0.357805, -0.783817 
0.35814, -0.783974 
0.358475, -0.78413 
0.35881, -0.784287 
0.359145, -0.784443 
0.35948, -0.784599 
0.359815, -0.784755 
0.36015, -0.784911 
0.360485, -0.785067 
0.36082, -0.785223 
0.361155, -0.785378 
0.36149, -0.785534 
0.361825, -0.785689 
0.36216, -0.785845 
0.362495, -0.786 
0.36283, -0.786155 
0.363165, -0.78631 
0.3635, -0.786464 
0.363835, -0.786619 
0.36417, -0.786773 
0.364505, -0.786928 
0.36484, -0.787082 
0.365175, -0.787236 
0.36551, -0.78739 
0.365845, -0.787544 
0.36618, -0.787698 
0.366515, -0.787852 
0.36685, -0.788005 
0.367185, -0.788159 
0.36752, -0.788312 
0.367855, -0.788465 
0.36819, -0.788619 
0.368525, -0.788772 
0.36886, -0.788924 
0.369195, -0.789077 
0.36953, -0.78923 
0.369865, -0.789382 
0.3702, -0.789535 
0.370535, -0.789687 
0.37087, -0.789839 
0.371205, -0.789991 
0.37154, -0.790143 
0.371875, -0.790295 
0.37221, -0.790447 
0.372545, -0.790598 
0.37288, -0.79075 
0.373215, -0.790901 
0.37355, -0.791053 
0.373885, -0.791204 
0.37422, -0.791355 
0.374555, -0.791506 
0.37489, -0.791657 
0.375225, -0.791807 
0.37556, -0.791958 
0.375895, -0.792108 
0.37623, -0.792259 
0.376565, -0.792409 
0.3769, -0.792559 
0.377235, -0.792709 
0.37757, -0.792859 
0.377905, -0.793009 
0.37824, -0.793158 
0.378575, -0.793308 
0.37891, -0.793457 
0.379245, -0.793607 
0.37958, -0.793756 
0.379915, -0.793905 
0.38025, -0.794054 
0.380585, -0.794203 
0.38092, -0.794352 
0.381255, -0.794501 
0.38159, -0.794649 
0.381925, -0.794798 
0.38226, -0.794946 
0.382595, -0.795094 
0.38293, -0.795242 
0.383265, -0.79539 
0.3836, -0.795538 
0.383935, -0.795686 
0.38427, -0.795834 
0.384605, -0.795981 
0.38494, -0.796129 
0.385275, -0.796276 
0.38561, -0.796423 
0.385945, -0.796571 
0.38628, -0.796718 
0.386615, -0.796865 
0.38695, -0.797011 
0.387285, -0.797158 
0.38762, -0.797305 
0.387955, -0.797451 
0.38829, -0.797598 
0.388625, -0.797744 
0.38896, -0.79789 
0.389295, -0.798036 
0.38963, -0.798182 
0.389965, -0.798328 
0.3903, -0.798474 
0.390635, -0.798619 
0.39097, -0.798765 
0.391305, -0.79891 
0.39164, -0.799056 
0.391975, -0.799201 
0.39231, -0.799346 
0.392645, -0.799491 
0.39298, -0.799636 
0.393315, -0.799781 
0.39365, -0.799925 
0.393985, -0.80007 
0.39432, -0.800214 
0.394655, -0.800359 
0.39499, -0.800503 
0.395325, -0.800647 
0.39566, -0.800791 
0.395995, -0.800935 
0.39633, -0.801079 
0.396665, -0.801223 
0.397, -0.801367 
0.397335, -0.80151 
0.39767, -0.801654 
0.398005, -0.801797 
0.39834, -0.80194 
0.398675, -0.802083 
0.39901, -0.802226 
0.399345, -0.802369 
0.39968, -0.802512 
0.400015, -0.802655 
0.40035, -0.802798 
0.400685, -0.80294 
0.40102, -0.803083 
0.401355, -0.803225 
0.40169, -0.803367 
0.402025, -0.803509 
0.40236, -0.803651 
0.402695, -0.803793 
0.40303, -0.803935 
0.403365, -0.804077 
0.4037, -0.804218 
0.404035, -0.80436 
0.40437, -0.804501 
0.404705, -0.804643 
0.40504, -0.804784 
0.405375, -0.804925 
0.40571, -0.805066 
0.406045, -0.805207 
0.40638, -0.805348 
0.406715, -0.805488 
0.40705, -0.805629 
0.407385, -0.80577 
0.40772, -0.80591 
0.408055, -0.80605 
0.40839, -0.806191 
0.408725, -0.806331 
0.40906, -0.806471 
0.409395, -0.806611 
0.40973, -0.80675 
0.410065, -0.80689 
0.4104, -0.80703 
0.410735, -0.807169 
0.41107, -0.807309 
0.411405, -0.807448 
0.41174, -0.807587 
0.412075, -0.807727 
0.41241, -0.807866 
0.412745, -0.808005 
0.41308, -0.808143 
0.413415, -0.808282 
0.41375, -0.808421 
0.414085, -0.808559 
0.41442, -0.808698 
0.414755, -0.808836 
0.41509, -0.808975 
0.415425, -0.809113 
0.41576, -0.809251 
0.416095, -0.809389 
0.41643, -0.809527 
0.416765, -0.809665 
0.4171, -0.809802 
0.417435, -0.80994 
0.41777, -0.810078 
0.418105, -0.810215 
0.41844, -0.810352 
0.418775, -0.81049 
0.41911, -0.810627 
0.419445, -0.810764 
0.41978, -0.810901 
0.420115, -0.811038 
0.42045, -0.811174 
0.420785, -0.811311 
0.42112, -0.811448 
0.421455, -0.811584 
0.42179, -0.811721 
0.422125, -0.811857 
0.42246, -0.811993 
0.422795, -0.812129 
0.42313, -0.812265 
0.423465, -0.812401 
0.4238, -0.812537 
0.424135, -0.812673 
0.42447, -0.812809 
0.424805, -0.812944 
0.42514, -0.81308 
0.425475, -0.813215 
0.42581, -0.81335 
0.426145, -0.813486 
0.42648, -0.813621 
0.426815, -0.813756 
0.42715, -0.813891 
0.427485, -0.814026 
0.42782, -0.81416 
0.428155, -0.814295 
0.42849, -0.81443 
0.428825, -0.814564 
0.42916, -0.814698 
0.429495, -0.814833 
0.42983, -0.814967 
0.430165, -0.815101 
0.4305, -0.815235 
0.430835, -0.815369 
0.43117, -0.815503 
0.431505, -0.815637 
0.43184, -0.81577 
0.432175, -0.815904 
0.43251, -0.816038 
0.432845, -0.816171 
0.43318, -0.816304 
0.433515, -0.816438 
0.43385, -0.816571 
0.434185, -0.816704 
0.43452, -0.816837 
0.434855, -0.81697 
0.43519, -0.817102 
0.435525, -0.817235 
0.43586, -0.817368 
0.436195, -0.8175 
0.43653, -0.817633 
0.436865, -0.817765 
0.4372, -0.817898 
0.437535, -0.81803 
0.43787, -0.818162 
0.438205, -0.818294 
0.43854, -0.818426 
0.438875, -0.818558 
0.43921, -0.818689 
0.439545, -0.818821 
0.43988, -0.818953 
0.440215, -0.819084 
0.44055, -0.819216 
0.440885, -0.819347 
0.44122, -0.819478 
0.441555, -0.819609 
0.44189, -0.819741 
0.442225, -0.819872 
0.44256, -0.820002 
0.442895, -0.820133 
0.44323, -0.820264 
0.443565, -0.820395 
0.4439, -0.820525 
0.444235, -0.820656 
0.44457, -0.820786 
0.444905, -0.820917 
0.44524, -0.821047 
0.445575, -0.821177 
0.44591, -0.821307 
0.446245, -0.821437 
0.44658, -0.821567 
0.446915, -0.821697 
0.44725, -0.821827 
0.447585, -0.821956 
0.44792, -0.822086 
0.448255, -0.822215 
0.44859, -0.822345 
0.448925, -0.822474 
0.44926, -0.822603 
0.449595, -0.822733 
0.44993, -0.822862 
0.450265, -0.822991 
0.4506, -0.82312 
0.450935, -0.823248 
0.45127, -0.823377 
0.451605, -0.823506 
0.45194, -0.823635 
0.452275, -0.823763 
0.45261, -0.823892 
0.452945, -0.82402 
0.45328, -0.824148 
0.453615, -0.824276 
0.45395, -0.824405 
0.454285, -0.824533 
0.45462, -0.824661 
0.454955, -0.824788 
0.45529, -0.824916 
0.455625, -0.825044 
0.45596, -0.825172 
0.456295, -0.825299 
0.45663, -0.825427 
0.456965, -0.825554 
0.4573, -0.825681 
0.457635, -0.825809 
0.45797, -0.825936 
0.458305, -0.826063 
0.45864, -0.82619 
0.458975, -0.826317 
0.45931, -0.826444 
0.459645, -0.826571 
0.45998, -0.826697 
0.460315, -0.826824 
0.46065, -0.82695 
0.460985, -0.827077 
0.46132, -0.827203 
0.461655, -0.82733 
0.46199, -0.827456 
0.462325, -0.827582 
0.46266, -0.827708 
0.462995, -0.827834 
0.46333, -0.82796 
0.463665, -0.828086 
0.464, -0.828212 
0.464335, -0.828337 
0.46467, -0.828463 
0.465005, -0.828589 
0.46534, -0.828714 
0.465675, -0.828839 
0.46601, -0.828965 
0.466345, -0.82909 
0.46668, -0.829215 
0.467015, -0.82934 
0.46735, -0.829465 
0.467685, -0.82959 
0.46802, -0.829715 
0.468355, -0.82984 
0.46869, -0.829965 
0.469025, -0.830089 
0.46936, -0.830214 
0.469695, -0.830338 
0.47003, -0.830463 
0.470365, -0.830587 
0.4707, -0.830711 
0.471035, -0.830836 
0.47137, -0.83096 
0.471705, -0.831084 
0.47204, -0.831208 
0.472375, -0.831332 
0.47271, -0.831456 
0.473045, -0.831579 
0.47338, -0.831703 
0.473715, -0.831827 
0.47405, -0.83195 
0.474385, -0.832074 
0.47472, -0.832197 
0.475055, -0.83232 
0.47539, -0.832444 
0.475725, -0.832567 
0.47606, -0.83269 
0.476395, -0.832813 
0.47673, -0.832936 
0.477065, -0.833059 
0.4774, -0.833182 
0.477735, -0.833305 
0.47807, -0.833427 
0.478405, -0.83355 
0.47874, -0.833672 
0.479075, -0.833795 
0.47941, -0.833917 
0.479745, -0.83404 
0.48008, -0.834162 
0.480415, -0.834284 
0.48075, -0.834406 
0.481085, -0.834528 
0.48142, -0.83465 
0.481755, -0.834772 
0.48209, -0.834894 
0.482425, -0.835016 
0.48276, -0.835137 
0.483095, -0.835259 
0.48343, -0.835381 
0.483765, -0.835502 
0.4841, -0.835623 
0.484435, -0.835745 
0.48477, -0.835866 
0.485105, -0.835987 
0.48544, -0.836108 
0.485775, -0.83623 
0.48611, -0.836351 
0.486445, -0.836472 
0.48678, -0.836592 
0.487115, -0.836713 
0.48745, -0.836834 
0.487785, -0.836955 
0.48812, -0.837075 
0.488455, -0.837196 
0.48879, -0.837316 
0.489125, -0.837437 
0.48946, -0.837557 
0.489795, -0.837677 
0.49013, -0.837797 
0.490465, -0.837918 
0.4908, -0.838038 
0.491135, -0.838158 
0.49147, -0.838278 
0.491805, -0.838397 
0.49214, -0.838517 
0.492475, -0.838637 
0.49281, -0.838757 
0.493145, -0.838876 
0.49348, -0.838996 
0.493815, -0.839115 
0.49415, -0.839235 
0.494485, -0.839354 
0.49482, -0.839473 
0.495155, -0.839592 
0.49549, -0.839712 
0.495825, -0.839831 
0.49616, -0.83995 
0.496495, -0.840069 
0.49683, -0.840187 
0.497165, -0.840306 
0.4975, -0.840425 
0.497835, -0.840544 
0.49817, -0.840662 
0.498505, -0.840781 
0.49884, -0.840899 
0.499175, -0.841018 
0.49951, -0.841136 
0.499845, -0.841254 
0.50018, -0.841373 
0.500515, -0.841491 
0.50085, -0.841609 
0.501185, -0.841727 
0.50152, -0.841845 
0.501855, -0.841963 
0.50219, -0.842081 
0.502525, -0.842199 
0.50286, -0.842316 
0.503195, -0.842434 
0.50353, -0.842552 
0.503865, -0.842669 
0.5042, -0.842787 
0.504535, -0.842904 
0.50487, -0.843021 
0.505205, -0.843139 
0.50554, -0.843256 
0.505875, -0.843373 
0.50621, -0.84349 
0.506545, -0.843607 
0.50688, -0.843724 
0.507215, -0.843841 
0.50755, -0.843958 
0.507885, -0.844075 
0.50822, -0.844192 
0.508555, -0.844308 
0.50889, -0.844425 
0.509225, -0.844542 
0.50956, -0.844658 
0.509895, -0.844774 
0.51023, -0.844891 
0.510565, -0.845007 
0.5109, -0.845123 
0.511235, -0.84524 
0.51157, -0.845356 
0.511905, -0.845472 
0.51224, -0.845588 
0.512575, -0.845704 
0.51291, -0.84582 
0.513245, -0.845936 
0.51358, -0.846051 
0.513915, -0.846167 
0.51425, -0.846283 
0.514585, -0.846398 
0.51492, -0.846514 
0.515255, -0.846629 
0.51559, -0.846745 
0.515925, -0.84686 
0.51626, -0.846976 
0.516595, -0.847091 
0.51693, -0.847206 
0.517265, -0.847321 
0.5176, -0.847436 
0.517935, -0.847551 
0.51827, -0.847666 
0.518605, -0.847781 
0.51894, -0.847896 
0.519275, -0.848011 
0.51961, -0.848126 
0.519945, -0.84824 
0.52028, -0.848355 
0.520615, -0.848469 
0.52095, -0.848584 
0.521285, -0.848698 
0.52162, -0.848813 
0.521955, -0.848927 
0.52229, -0.849041 
0.522625, -0.849156 
0.52296, -0.84927 
0.523295, -0.849384 
0.52363, -0.849498 
0.523965, -0.849612 
0.5243, -0.849726 
0.524635, -0.84984 
0.52497, -0.849954 
0.525305, -0.850067 
0.52564, -0.850181 
0.525975, -0.850295 
0.52631, -0.850408 
0.526645, -0.850522 
0.52698, -0.850636 
0.527315, -0.850749 
0.52765, -0.850862 
0.527985, -0.850976 
0.52832, -0.851089 
0.528655, -0.851202 
0.52899, -0.851315 
0.529325, -0.851429 
0.52966, -0.851542 
0.529995, -0.851655 
0.53033, -0.851768 
0.530665, -0.85188 
0.531, -0.851993 
0.531335, -0.852106 
0.53167, -0.852219 
0.532005, -0.852332 
0.53234, -0.852444 
0.532675, -0.852557 
0.53301, -0.852669 
0.533345, -0.852782 
0.53368, -0.852894 
0.534015, -0.853007 
0.53435, -0.853119 
0.534685, -0.853231 
0.53502, -0.853344 
0.535355, -0.853456 
0.53569, -0.853568 
0.536025, -0.85368 
0.53636, -0.853792 
0.536695, -0.853904 
0.53703, -0.854016 
0.537365, -0.854128 
0.5377, -0.854239 
0.538035, -0.854351 
0.53837, -0.854463 
0.538705, -0.854575 
0.53904, -0.854686 
0.539375, -0.854798 
0.53971, -0.854909 
0.540045, -0.855021 
0.54038, -0.855132 
0.540715, -0.855243 
0.54105, -0.855355 
0.541385, -0.855466 
0.54172, -0.855577 
0.542055, -0.855688 
0.54239, -0.855799 
0.542725, -0.85591 
0.54306, -0.856021 
0.543395, -0.856132 
0.54373, -0.856243 
0.544065, -0.856354 
0.5444, -0.856465 
0.544735, -0.856576 
0.54507, -0.856686 
0.545405, -0.856797 
0.54574, -0.856908 
0.546075, -0.857018 
0.54641, -0.857129 
0.546745, -0.857239 
0.54708, -0.85735 
0.547415, -0.85746 
0.54775, -0.85757 
0.548085, -0.857681 
0.54842, -0.857791 
0.548755, -0.857901 
0.54909, -0.858011 
0.549425, -0.858121 
0.54976, -0.858231 
0.550095, -0.858341 
0.55043, -0.858451 
0.550765, -0.858561 
0.5511, -0.858671 
0.551435, -0.858781 
0.55177, -0.85889 
0.552105, -0.859 
0.55244, -0.85911 
0.552775, -0.859219 
0.55311, -0.859329 
0.553445, -0.859438 
0.55378, -0.859548 
0.554115, -0.859657 
0.55445, -0.859767 
0.554785, -0.859876 
0.55512, -0.859985 
0.555455, -0.860094 
0.55579, -0.860204 
0.556125, -0.860313 
0.55646, -0.860422 
0.556795, -0.860531 
0.55713, -0.86064 
0.557465, -0.860749 
0.5578, -0.860858 
0.558135, -0.860967 
0.55847, -0.861075 
0.558805, -0.861184 
0.55914, -0.861293 
0.559475, -0.861402 
0.55981, -0.86151 
0.560145, -0.861619 
0.56048, -0.861727 
0.560815, -0.861836 
0.56115, -0.861944 
0.561485, -0.862053 
0.56182, -0.862161 
0.562155, -0.86227 
0.56249, -0.862378 
0.562825, -0.862486 
0.56316, -0.862594 
0.563495, -0.862702 
0.56383, -0.862811 
0.564165, -0.862919 
0.5645, -0.863027 
0.564835, -0.863135 
0.56517, -0.863243 
0.565505, -0.86335 
0.56584, -0.863458 
0.566175, -0.863566 
0.56651, -0.863674 
0.566845, -0.863782 
0.56718, -0.863889 
0.567515, -0.863997 
0.56785, -0.864105 
0.568185, -0.864212 
0.56852, -0.86432 
0.568855, -0.864427 
0.56919, -0.864535 
0.569525, -0.864642 
0.56986, -0.864749 
0.570195, -0.864857 
0.57053, -0.864964 
0.570865, -0.865071 
0.5712, -0.865178 
0.571535, -0.865285 
0.57187, -0.865393 
0.572205, -0.8655 
0.57254, -0.865607 
0.572875, -0.865714 
0.57321, -0.865821 
0.573545, -0.865927 
0.57388, -0.866034 
0.574215, -0.866141 
0.57455, -0.866248 
0.574885, -0.866355 
0.57522, -0.866461 
0.575555, -0.866568 
0.57589, -0.866675 
0.576225, -0.866781 
0.57656, -0.866888 
0.576895, -0.866994 
0.57723, -0.867101 
0.577565, -0.867207 
0.5779, -0.867313 
0.578235, -0.86742 
0.57857, -0.867526 
0.578905, -0.867632 
0.57924, -0.867739 
0.579575, -0.867845 
0.57991, -0.867951 
0.580245, -0.868057 
0.58058, -0.868163 
0.580915, -0.868269 
0.58125, -0.868375 
0.581585, -0.868481 
0.58192, -0.868587 
0.582255, -0.868693 
0.58259, -0.868799 
0.582925, -0.868905 
0.58326, -0.86901 
0.583595, -0.869116 
0.58393, -0.869222 
0.584265, -0.869327 
0.5846, -0.869433 
0.584935, -0.869539 
0.58527, -0.869644 
0.585605, -0.86975 
0.58594, -0.869855 
0.586275, -0.869961 
0.58661, -0.870066 
0.586945, -0.870171 
0.58728, -0.870277 
0.587615, -0.870382 
0.58795, -0.870487 
0.588285, -0.870592 
0.58862, -0.870698 
0.588955, -0.870803 
0.58929, -0.870908 
0.589625, -0.871013 
0.58996, -0.871118 
0.590295, -0.871223 
0.59063, -0.871328 
0.590965, -0.871433 
0.5913, -0.871538 
0.591635, -0.871642 
0.59197, -0.871747 
0.592305, -0.871852 
0.59264, -0.871957 
0.592975, -0.872062 
0.59331, -0.872166 
0.593645, -0.872271 
0.59398, -0.872375 
0.594315, -0.87248 
0.59465, -0.872585 
0.594985, -0.872689 
0.59532, -0.872794 
0.595655, -0.872898 
0.59599, -0.873002 
0.596325, -0.873107 
0.59666, -0.873211 
0.596995, -0.873315 
0.59733, -0.87342 
0.597665, -0.873524 
0.598, -0.873628 
0.598335, -0.873732 
0.59867, -0.873836 
0.599005, -0.873941 
0.59934, -0.874045 
0.599675, -0.874149 
0.60001, -0.874253 
0.600345, -0.874357 
0.60068, -0.874461 
0.601015, -0.874564 
0.60135, -0.874668 
0.601685, -0.874772 
0.60202, -0.874876 
0.602355, -0.87498 
0.60269, -0.875084 
0.603025, -0.875187 
0.60336, -0.875291 
0.603695, -0.875395 
0.60403, -0.875498 
0.604365, -0.875602 
0.6047, -0.875705 
0.605035, -0.875809 
0.60537, -0.875912 
0.605705, -0.876016 
0.60604, -0.876119 
0.606375, -0.876223 
0.60671, -0.876326 
0.607045, -0.876429 
0.60738, -0.876533 
0.607715, -0.876636 
0.60805, -0.876739 
0.608385, -0.876842 
0.60872, -0.876946 
0.609055, -0.877049 
0.60939, -0.877152 
0.609725, -0.877255 
0.61006, -0.877358 
0.610395, -0.877461 
0.61073, -0.877564 
0.611065, -0.877667 
0.6114, -0.87777 
0.611735, -0.877873 
0.61207, -0.877976 
0.612405, -0.878079 
0.61274, -0.878181 
0.613075, -0.878284 
0.61341, -0.878387 
0.613745, -0.87849 
0.61408, -0.878592 
0.614415, -0.878695 
0.61475, -0.878798 
0.615085, -0.8789 
0.61542, -0.879003 
0.615755, -0.879105 
0.61609, -0.879208 
0.616425, -0.879311 
0.61676, -0.879413 
0.617095, -0.879515 
0.61743, -0.879618 
0.617765, -0.87972 
0.6181, -0.879823 
0.618435, -0.879925 
0.61877, -0.880027 
0.619105, -0.88013 
0.61944, -0.880232 
0.619775, -0.880334 
0.62011, -0.880436 
0.620445, -0.880538 
0.62078, -0.880641 
0.621115, -0.880743 
0.62145, -0.880845 
0.621785, -0.880947 
0.62212, -0.881049 
0.622455, -0.881151 
0.62279, -0.881253 
0.623125, -0.881355 
0.62346, -0.881457 
0.623795, -0.881559 
0.62413, -0.881661 
0.624465, -0.881762 
0.6248, -0.881864 
0.625135, -0.881966 
0.62547, -0.882068 
0.625805, -0.88217 
0.62614, -0.882271 
0.626475, -0.882373 
0.62681, -0.882475 
0.627145, -0.882576 
0.62748, -0.882678 
0.627815, -0.88278 
0.62815, -0.882881 
0.628485, -0.882983 
0.62882, -0.883084 
0.629155, -0.883186 
0.62949, -0.883287 
0.629825, -0.883389 
0.63016, -0.88349 
0.630495, -0.883592 
0.63083, -0.883693 
0.631165, -0.883794 
0.6315, -0.883896 
0.631835, -0.883997 
0.63217, -0.884098 
0.632505, -0.884199 
0.63284, -0.884301 
0.633175, -0.884402 
0.63351, -0.884503 
0.633845, -0.884604 
0.63418, -0.884705 
0.634515, -0.884807 
0.63485, -0.884908 
0.635185, -0.885009 
0.63552, -0.88511 
0.635855, -0.885211 
0.63619, -0.885312 
0.636525, -0.885413 
0.63686, -0.885514 
0.637195, -0.885615 
0.63753, -0.885716 
0.637865, -0.885816 
0.6382, -0.885917 
0.638535, -0.886018 
0.63887, -0.886119 
0.639205, -0.88622 
0.63954, -0.886321 
0.639875, -0.886421 
0.64021, -0.886522 
0.640545, -0.886623 
0.64088, -0.886723 
0.641215, -0.886824 
0.64155, -0.886925 
0.641885, -0.887025 
0.64222, -0.887126 
0.642555, -0.887227 
0.64289, -0.887327 
0.643225, -0.887428 
0.64356, -0.887528 
0.643895, -0.887629 
0.64423, -0.887729 
0.644565, -0.88783 
0.6449, -0.88793 
0.645235, -0.888031 
0.64557, -0.888131 
0.645905, -0.888231 
0.64624, -0.888332 
0.646575, -0.888432 
0.64691, -0.888532 
0.647245, -0.888633 
0.64758, -0.888733 
0.647915, -0.888833 
0.64825, -0.888933 
0.648585, -0.889034 
0.64892, -0.889134 
0.649255, -0.889234 
0.64959, -0.889334 
0.649925, -0.889434 
0.65026, -0.889535 
0.650595, -0.889635 
0.65093, -0.889735 
0.651265, -0.889835 
0.6516, -0.889935 
0.651935, -0.890035 
0.65227, -0.890135 
0.652605, -0.890235 
0.65294, -0.890335 
0.653275, -0.890435 
0.65361, -0.890535 
0.653945, -0.890635 
0.65428, -0.890735 
0.654615, -0.890834 
0.65495, -0.890934 
0.655285, -0.891034 
0.65562, -0.891134 
0.655955, -0.891234 
0.65629, -0.891334 
0.656625, -0.891433 
0.65696, -0.891533 
0.657295, -0.891633 
0.65763, -0.891733 
0.657965, -0.891832 
0.6583, -0.891932 
0.658635, -0.892032 
0.65897, -0.892131 
0.659305, -0.892231 
0.65964, -0.892331 
0.659975, -0.89243 
0.66031, -0.89253 
0.660645, -0.892629 
0.66098, -0.892729 
0.661315, -0.892829 
0.66165, -0.892928 
0.661985, -0.893028 
0.66232, -0.893127 
0.662655, -0.893227 
0.66299, -0.893326 
0.663325, -0.893426 
0.66366, -0.893525 
0.663995, -0.893624 
0.66433, -0.893724 
0.664665, -0.893823 
0.665, -0.893923 
0.665335, -0.894022 
0.66567, -0.894121 
0.666005, -0.894221 
0.66634, -0.89432 
0.666675, -0.894419 
0.66701, -0.894519 
0.667345, -0.894618 
0.66768, -0.894717 
0.668015, -0.894816 
0.66835, -0.894916 
0.668685, -0.895015 
0.66902, -0.895114 
0.669355, -0.895213 
0.66969, -0.895312 
0.670025, -0.895412 
0.67036, -0.895511 
0.670695, -0.89561 
0.67103, -0.895709 
0.671365, -0.895808 
0.6717, -0.895907 
0.672035, -0.896006 
0.67237, -0.896105 
0.672705, -0.896204 
0.67304, -0.896303 
0.673375, -0.896402 
0.67371, -0.896501 
0.674045, -0.8966 
0.67438, -0.896699 
0.674715, -0.896798 
0.67505, -0.896897 
0.675385, -0.896996 
0.67572, -0.897095 
0.676055, -0.897194 
0.67639, -0.897293 
0.676725, -0.897392 
0.67706, -0.897491 
0.677395, -0.89759 
0.67773, -0.897689 
0.678065, -0.897788 
0.6784, -0.897886 
0.678735, -0.897985 
0.67907, -0.898084 
0.679405, -0.898183 
0.67974, -0.898282 
0.680075, -0.89838 
0.68041, -0.898479 
0.680745, -0.898578 
0.68108, -0.898677 
0.681415, -0.898776 
0.68175, -0.898874 
0.682085, -0.898973 
0.68242, -0.899072 
0.682755, -0.89917 
0.68309, -0.899269 
0.683425, -0.899368 
0.68376, -0.899466 
0.684095, -0.899565 
0.68443, -0.899664 
0.684765, -0.899762 
0.6851, -0.899861 
0.685435, -0.89996 
0.68577, -0.900058 
0.686105, -0.900157 
0.68644, -0.900256 
0.686775, -0.900354 
0.68711, -0.900453 
0.687445, -0.900551 
0.68778, -0.90065 
0.688115, -0.900748 
0.68845, -0.900847 
0.688785, -0.900945 
0.68912, -0.901044 
0.689455, -0.901142 
0.68979, -0.901241 
0.690125, -0.901339 
0.69046, -0.901438 
0.690795, -0.901536 
0.69113, -0.901635 
0.691465, -0.901733 
0.6918, -0.901832 
0.692135, -0.90193 
0.69247, -0.902029 
0.692805, -0.902127 
0.69314, -0.902226 
0.693475, -0.902324 
0.69381, -0.902422 
0.694145, -0.902521 
0.69448, -0.902619 
0.694815, -0.902718 
0.69515, -0.902816 
0.695485, -0.902914 
0.69582, -0.903013 
0.696155, -0.903111 
0.69649, -0.903209 
0.696825, -0.903308 
0.69716, -0.903406 
0.697495, -0.903504 
0.69783, -0.903603 
0.698165, -0.903701 
0.6985, -0.903799 
0.698835, -0.903898 
0.69917, -0.903996 
0.699505, -0.904094 
0.69984, -0.904193 
0.700175, -0.904291 
0.70051, -0.904389 
0.700845, -0.904487 
0.70118, -0.904586 
0.701515, -0.904684 
0.70185, -0.904782 
0.702185, -0.90488 
0.70252, -0.904979 
0.702855, -0.905077 
0.70319, -0.905175 
0.703525, -0.905273 
0.70386, -0.905372 
0.704195, -0.90547 
0.70453, -0.905568 
0.704865, -0.905666 
0.7052, -0.905764 
0.705535, -0.905863 
0.70587, -0.905961 
0.706205, -0.906059 
0.70654, -0.906157 
0.706875, -0.906255 
0.70721, -0.906354 
0.707545, -0.906452 
0.70788, -0.90655 
0.708215, -0.906648 
0.70855, -0.906746 
0.708885, -0.906844 
0.70922, -0.906943 
0.709555, -0.907041 
0.70989, -0.907139 
0.710225, -0.907237 
0.71056, -0.907335 
0.710895, -0.907433 
0.71123, -0.907531 
0.711565, -0.90763 
0.7119, -0.907728 
0.712235, -0.907826 
0.71257, -0.907924 
0.712905, -0.908022 
0.71324, -0.90812 
0.713575, -0.908218 
0.71391, -0.908316 
0.714245, -0.908415 
0.71458, -0.908513 
0.714915, -0.908611 
0.71525, -0.908709 
0.715585, -0.908807 
0.71592, -0.908905 
0.716255, -0.909003 
0.71659, -0.909101 
0.716925, -0.909199 
0.71726, -0.909298 
0.717595, -0.909396 
0.71793, -0.909494 
0.718265, -0.909592 
0.7186, -0.90969 
0.718935, -0.909788 
0.71927, -0.909886 
0.719605, -0.909984 
0.71994, -0.910082 
0.720275, -0.91018 
0.72061, -0.910278 
0.720945, -0.910377 
0.72128, -0.910475 
0.721615, -0.910573 
0.72195, -0.910671 
0.722285, -0.910769 
0.72262, -0.910867 
0.722955, -0.910965 
0.72329, -0.911063 
0.723625, -0.911161 
0.72396, -0.911259 
0.724295, -0.911357 
0.72463, -0.911455 
0.724965, -0.911554 
0.7253, -0.911652 
0.725635, -0.91175 
0.72597, -0.911848 
0.726305, -0.911946 
0.72664, -0.912044 
0.726975, -0.912142 
0.72731, -0.91224 
0.727645, -0.912338 
0.72798, -0.912436 
0.728315, -0.912534 
0.72865, -0.912633 
0.728985, -0.912731 
0.72932, -0.912829 
0.729655, -0.912927 
0.72999, -0.913025 
0.730325, -0.913123 
0.73066, -0.913221 
0.730995, -0.913319 
0.73133, -0.913417 
0.731665, -0.913515 
0.732, -0.913614 
0.732335, -0.913712 
0.73267, -0.91381 
0.733005, -0.913908 
0.73334, -0.914006 
0.733675, -0.914104 
0.73401, -0.914202 
0.734345, -0.9143 
0.73468, -0.914399 
0.735015, -0.914497 
0.73535, -0.914595 
0.735685, -0.914693 
0.73602, -0.914791 
0.736355, -0.914889 
0.73669, -0.914987 
0.737025, -0.915086 
0.73736, -0.915184 
0.737695, -0.915282 
0.73803, -0.91538 
0.738365, -0.915478 
0.7387, -0.915576 
0.739035, -0.915675 
0.73937, -0.915773 
0.739705, -0.915871 
0.74004, -0.915969 
0.740375, -0.916067 
0.74071, -0.916166 
0.741045, -0.916264 
0.74138, -0.916362 
0.741715, -0.91646 
0.74205, -0.916558 
0.742385, -0.916657 
0.74272, -0.916755 
0.743055, -0.916853 
0.74339, -0.916951 
0.743725, -0.91705 
0.74406, -0.917148 
0.744395, -0.917246 
0.74473, -0.917344 
0.745065, -0.917443 
0.7454, -0.917541 
0.745735, -0.917639 
0.74607, -0.917738 
0.746405, -0.917836 
0.74674, -0.917934 
0.747075, -0.918032 
0.74741, -0.918131 
0.747745, -0.918229 
0.74808, -0.918327 
0.748415, -0.918426 
0.74875, -0.918524 
0.749085, -0.918622 
0.74942, -0.918721 
0.749755, -0.918819 
0.75009, -0.918917 
0.750425, -0.919016 
0.75076, -0.919114 
0.751095, -0.919213 
0.75143, -0.919311 
0.751765, -0.919409 
0.7521, -0.919508 
0.752435, -0.919606 
0.75277, -0.919705 
0.753105, -0.919803 
0.75344, -0.919901 
0.753775, -0.92 
0.75411, -0.920098 
0.754445, -0.920197 
0.75478, -0.920295 
0.755115, -0.920394 
0.75545, -0.920492 
0.755785, -0.920591 
0.75612, -0.920689 
0.756455, -0.920788 
0.75679, -0.920886 
0.757125, -0.920985 
0.75746, -0.921083 
0.757795, -0.921182 
0.75813, -0.92128 
0.758465, -0.921379 
0.7588, -0.921478 
0.759135, -0.921576 
0.75947, -0.921675 
0.759805, -0.921773 
0.76014, -0.921872 
0.760475, -0.921971 
0.76081, -0.922069 
0.761145, -0.922168 
0.76148, -0.922266 
0.761815, -0.922365 
0.76215, -0.922464 
0.762485, -0.922562 
0.76282, -0.922661 
0.763155, -0.92276 
0.76349, -0.922858 
0.763825, -0.922957 
0.76416, -0.923056 
0.764495, -0.923155 
0.76483, -0.923253 
0.765165, -0.923352 
0.7655, -0.923451 
0.765835, -0.92355 
0.76617, -0.923648 
0.766505, -0.923747 
0.76684, -0.923846 
0.767175, -0.923945 
0.76751, -0.924044 
0.767845, -0.924143 
0.76818, -0.924241 
0.768515, -0.92434 
0.76885, -0.924439 
0.769185, -0.924538 
0.76952, -0.924637 
0.769855, -0.924736 
0.77019, -0.924835 
0.770525, -0.924934 
0.77086, -0.925033 
0.771195, -0.925132 
0.77153, -0.925231 
0.771865, -0.92533 
0.7722, -0.925429 
0.772535, -0.925528 
0.77287, -0.925627 
0.773205, -0.925726 
0.77354, -0.925825 
0.773875, -0.925924 
0.77421, -0.926023 
0.774545, -0.926122 
0.77488, -0.926221 
0.775215, -0.92632 
0.77555, -0.926419 
0.775885, -0.926518 
0.77622, -0.926618 
0.776555, -0.926717 
0.77689, -0.926816 
0.777225, -0.926915 
0.77756, -0.927014 
0.777895, -0.927114 
0.77823, -0.927213 
0.778565, -0.927312 
0.7789, -0.927411 
0.779235, -0.927511 
0.77957, -0.92761 
0.779905, -0.927709 
0.78024, -0.927808 
0.780575, -0.927908 
0.78091, -0.928007 
0.781245, -0.928107 
0.78158, -0.928206 
0.781915, -0.928305 
0.78225, -0.928405 
0.782585, -0.928504 
0.78292, -0.928604 
0.783255, -0.928703 
0.78359, -0.928802 
0.783925, -0.928902 
0.78426, -0.929001 
0.784595, -0.929101 
0.78493, -0.9292 
0.785265, -0.9293 
0.7856, -0.9294 
0.785935, -0.929499 
0.78627, -0.929599 
0.786605, -0.929698 
0.78694, -0.929798 
0.787275, -0.929898 
0.78761, -0.929997 
0.787945, -0.930097 
0.78828, -0.930197 
0.788615, -0.930296 
0.78895, -0.930396 
0.789285, -0.930496 
0.78962, -0.930596 
0.789955, -0.930695 
0.79029, -0.930795 
0.790625, -0.930895 
0.79096, -0.930995 
0.791295, -0.931095 
0.79163, -0.931194 
0.791965, -0.931294 
0.7923, -0.931394 
0.792635, -0.931494 
0.79297, -0.931594 
0.793305, -0.931694 
0.79364, -0.931794 
0.793975, -0.931894 
0.79431, -0.931994 
0.794645, -0.932094 
0.79498, -0.932194 
0.795315, -0.932294 
0.79565, -0.932394 
0.795985, -0.932494 
0.79632, -0.932594 
0.796655, -0.932694 
0.79699, -0.932795 
0.797325, -0.932895 
0.79766, -0.932995 
0.797995, -0.933095 
0.79833, -0.933195 
0.798665, -0.933296 
0.799, -0.933396 
0.799335, -0.933496 
0.79967, -0.933596 
0.800005, -0.933697 
0.80034, -0.933797 
0.800675, -0.933897 
0.80101, -0.933998 
0.801345, -0.934098 
0.80168, -0.934199 
0.802015, -0.934299 
0.80235, -0.934399 
0.802685, -0.9345 
0.80302, -0.9346 
0.803355, -0.934701 
0.80369, -0.934801 
0.804025, -0.934902 
0.80436, -0.935003 
0.804695, -0.935103 
0.80503, -0.935204 
0.805365, -0.935304 
0.8057, -0.935405 
0.806035, -0.935506 
0.80637, -0.935606 
0.806705, -0.935707 
0.80704, -0.935808 
0.807375, -0.935909 
0.80771, -0.936009 
0.808045, -0.93611 
0.80838, -0.936211 
0.808715, -0.936312 
0.80905, -0.936413 
0.809385, -0.936514 
0.80972, -0.936615 
0.810055, -0.936715 
0.81039, -0.936816 
0.810725, -0.936917 
0.81106, -0.937018 
0.811395, -0.937119 
0.81173, -0.93722 
0.812065, -0.937322 
0.8124, -0.937423 
0.812735, -0.937524 
0.81307, -0.937625 
0.813405, -0.937726 
0.81374, -0.937827 
0.814075, -0.937928 
0.81441, -0.93803 
0.814745, -0.938131 
0.81508, -0.938232 
0.815415, -0.938333 
0.81575, -0.938435 
0.816085, -0.938536 
0.81642, -0.938637 
0.816755, -0.938739 
0.81709, -0.93884 
0.817425, -0.938942 
0.81776, -0.939043 
0.818095, -0.939145 
0.81843, -0.939246 
0.818765, -0.939348 
0.8191, -0.939449 
0.819435, -0.939551 
0.81977, -0.939652 
0.820105, -0.939754 
0.82044, -0.939856 
0.820775, -0.939957 
0.82111, -0.940059 
0.821445, -0.940161 
0.82178, -0.940262 
0.822115, -0.940364 
0.82245, -0.940466 
0.822785, -0.940568 
0.82312, -0.94067 
0.823455, -0.940772 
0.82379, -0.940873 
0.824125, -0.940975 
0.82446, -0.941077 
0.824795, -0.941179 
0.82513, -0.941281 
0.825465, -0.941383 
0.8258, -0.941485 
0.826135, -0.941587 
0.82647, -0.94169 
0.826805, -0.941792 
0.82714, -0.941894 
0.827475, -0.941996 
0.82781, -0.942098 
0.828145, -0.9422 
0.82848, -0.942303 
0.828815, -0.942405 
0.82915, -0.942507 
0.829485, -0.94261 
0.82982, -0.942712 
0.830155, -0.942814 
0.83049, -0.942917 
0.830825, -0.943019 
0.83116, -0.943122 
0.831495, -0.943224 
0.83183, -0.943327 
0.832165, -0.943429 
0.8325, -0.943532 
0.832835, -0.943634 
0.83317, -0.943737 
0.833505, -0.94384 
0.83384, -0.943942 
0.834175, -0.944045 
0.83451, -0.944148 
0.834845, -0.944251 
0.83518, -0.944353 
0.835515, -0.944456 
0.83585, -0.944559 
0.836185, -0.944662 
0.83652, -0.944765 
0.836855, -0.944868 
0.83719, -0.944971 
0.837525, -0.945074 
0.83786, -0.945177 
0.838195, -0.94528 
0.83853, -0.945383 
0.838865, -0.945486 
0.8392, -0.945589 
0.839535, -0.945693 
0.83987, -0.945796 
0.840205, -0.945899 
0.84054, -0.946002 
0.840875, -0.946105 
0.84121, -0.946209 
0.841545, -0.946312 
0.84188, -0.946416 
0.842215, -0.946519 
0.84255, -0.946622 
0.842885, -0.946726 
0.84322, -0.946829 
0.843555, -0.946933 
0.84389, -0.947036 
0.844225, -0.94714 
0.84456, -0.947244 
0.844895, -0.947347 
0.84523, -0.947451 
0.845565, -0.947555 
0.8459, -0.947658 
0.846235, -0.947762 
0.84657, -0.947866 
0.846905, -0.94797 
0.84724, -0.948074 
0.847575, -0.948178 
0.84791, -0.948282 
0.848245, -0.948386 
0.84858, -0.948489 
0.848915, -0.948594 
0.84925, -0.948698 
0.849585, -0.948802 
0.84992, -0.948906 
0.850255, -0.94901 
0.85059, -0.949114 
0.850925, -0.949218 
0.85126, -0.949323 
0.851595, -0.949427 
0.85193, -0.949531 
0.852265, -0.949635 
0.8526, -0.94974 
0.852935, -0.949844 
0.85327, -0.949949 
0.853605, -0.950053 
0.85394, -0.950158 
0.854275, -0.950262 
0.85461, -0.950367 
0.854945, -0.950471 
0.85528, -0.950576 
0.855615, -0.950681 
0.85595, -0.950785 
0.856285, -0.95089 
0.85662, -0.950995 
0.856955, -0.9511 
0.85729, -0.951205 
0.857625, -0.951309 
0.85796, -0.951414 
0.858295, -0.951519 
0.85863, -0.951624 
0.858965, -0.951729 
0.8593, -0.951834 
0.859635, -0.951939 
0.85997, -0.952044 
0.860305, -0.95215 
0.86064, -0.952255 
0.860975, -0.95236 
0.86131, -0.952465 
0.861645, -0.95257 
0.86198, -0.952676 
0.862315, -0.952781 
0.86265, -0.952887 
0.862985, -0.952992 
0.86332, -0.953097 
0.863655, -0.953203 
0.86399, -0.953308 
0.864325, -0.953414 
0.86466, -0.95352 
0.864995, -0.953625 
0.86533, -0.953731 
0.865665, -0.953837 
0.866, -0.953942 
0.866335, -0.954048 
0.86667, -0.954154 
0.867005, -0.95426 
0.86734, -0.954366 
0.867675, -0.954471 
0.86801, -0.954577 
0.868345, -0.954683 
0.86868, -0.954789 
0.869015, -0.954896 
0.86935, -0.955002 
0.869685, -0.955108 
0.87002, -0.955214 
0.870355, -0.95532 
0.87069, -0.955426 
0.871025, -0.955533 
0.87136, -0.955639 
0.871695, -0.955745 
0.87203, -0.955852 
0.872365, -0.955958 
0.8727, -0.956065 
0.873035, -0.956171 
0.87337, -0.956278 
0.873705, -0.956384 
0.87404, -0.956491 
0.874375, -0.956597 
0.87471, -0.956704 
0.875045, -0.956811 
0.87538, -0.956918 
0.875715, -0.957024 
0.87605, -0.957131 
0.876385, -0.957238 
0.87672, -0.957345 
0.877055, -0.957452 
0.87739, -0.957559 
0.877725, -0.957666 
0.87806, -0.957773 
0.878395, -0.95788 
0.87873, -0.957987 
0.879065, -0.958095 
0.8794, -0.958202 
0.879735, -0.958309 
0.88007, -0.958416 
0.880405, -0.958524 
0.88074, -0.958631 
0.881075, -0.958739 
0.88141, -0.958846 
0.881745, -0.958954 
0.88208, -0.959061 
0.882415, -0.959169 
0.88275, -0.959276 
0.883085, -0.959384 
0.88342, -0.959492 
0.883755, -0.959599 
0.88409, -0.959707 
0.884425, -0.959815 
0.88476, -0.959923 
0.885095, -0.960031 
0.88543, -0.960139 
0.885765, -0.960247 
0.8861, -0.960355 
0.886435, -0.960463 
0.88677, -0.960571 
0.887105, -0.960679 
0.88744, -0.960787 
0.887775, -0.960896 
0.88811, -0.961004 
0.888445, -0.961112 
0.88878, -0.961221 
0.889115, -0.961329 
0.88945, -0.961437 
0.889785, -0.961546 
0.89012, -0.961654 
0.890455, -0.961763 
0.89079, -0.961872 
0.891125, -0.96198 
0.89146, -0.962089 
0.891795, -0.962198 
0.89213, -0.962306 
0.892465, -0.962415 
0.8928, -0.962524 
0.893135, -0.962633 
0.89347, -0.962742 
0.893805, -0.962851 
0.89414, -0.96296 
0.894475, -0.963069 
0.89481, -0.963178 
0.895145, -0.963287 
0.89548, -0.963396 
0.895815, -0.963506 
0.89615, -0.963615 
0.896485, -0.963724 
0.89682, -0.963834 
0.897155, -0.963943 
0.89749, -0.964053 
0.897825, -0.964162 
0.89816, -0.964272 
0.898495, -0.964381 
0.89883, -0.964491 
0.899165, -0.964601 
0.8995, -0.96471 
0.899835, -0.96482 
0.90017, -0.96493 
0.900505, -0.96504 
0.90084, -0.96515 
0.901175, -0.96526 
0.90151, -0.96537 
0.901845, -0.96548 
0.90218, -0.96559 
0.902515, -0.9657 
0.90285, -0.96581 
0.903185, -0.96592 
0.90352, -0.96603 
0.903855, -0.966141 
0.90419, -0.966251 
0.904525, -0.966361 
0.90486, -0.966472 
0.905195, -0.966582 
0.90553, -0.966693 
0.905865, -0.966804 
0.9062, -0.966914 
0.906535, -0.967025 
0.90687, -0.967136 
0.907205, -0.967246 
0.90754, -0.967357 
0.907875, -0.967468 
0.90821, -0.967579 
0.908545, -0.96769 
0.90888, -0.967801 
0.909215, -0.967912 
0.90955, -0.968023 
0.909885, -0.968134 
0.91022, -0.968245 
0.910555, -0.968356 
0.91089, -0.968468 
0.911225, -0.968579 
0.91156, -0.96869 
0.911895, -0.968802 
0.91223, -0.968913 
0.912565, -0.969025 
0.9129, -0.969136 
0.913235, -0.969248 
0.91357, -0.96936 
0.913905, -0.969471 
0.91424, -0.969583 
0.914575, -0.969695 
0.91491, -0.969807 
0.915245, -0.969919 
0.91558, -0.97003 
0.915915, -0.970142 
0.91625, -0.970254 
0.916585, -0.970367 
0.91692, -0.970479 
0.917255, -0.970591 
0.91759, -0.970703 
0.917925, -0.970815 
0.91826, -0.970928 
0.918595, -0.97104 
0.91893, -0.971152 
0.919265, -0.971265 
0.9196, -0.971377 
0.919935, -0.97149 
0.92027, -0.971603 
0.920605, -0.971715 
0.92094, -0.971828 
0.921275, -0.971941 
0.92161, -0.972054 
0.921945, -0.972167 
0.92228, -0.972279 
0.922615, -0.972392 
0.92295, -0.972505 
0.923285, -0.972618 
0.92362, -0.972732 
0.923955, -0.972845 
0.92429, -0.972958 
0.924625, -0.973071 
0.92496, -0.973185 
0.925295, -0.973298 
0.92563, -0.973411 
0.925965, -0.973525 
0.9263, -0.973638 
0.926635, -0.973752 
0.92697, -0.973866 
0.927305, -0.973979 
0.92764, -0.974093 
0.927975, -0.974207 
0.92831, -0.974321 
0.928645, -0.974434 
0.92898, -0.974548 
0.929315, -0.974662 
0.92965, -0.974776 
0.929985, -0.97489 
0.93032, -0.975005 
0.930655, -0.975119 
0.93099, -0.975233 
0.931325, -0.975347 
0.93166, -0.975462 
0.931995, -0.975576 
0.93233, -0.97569 
0.932665, -0.975805 
0.933, -0.97592 
0.933335, -0.976034 
0.93367, -0.976149 
0.934005, -0.976263 
0.93434, -0.976378 
0.934675, -0.976493 
0.93501, -0.976608 
0.935345, -0.976723 
0.93568, -0.976838 
0.936015, -0.976953 
0.93635, -0.977068 
0.936685, -0.977183 
0.93702, -0.977298 
0.937355, -0.977413 
0.93769, -0.977529 
0.938025, -0.977644 
0.93836, -0.97776 
0.938695, -0.977875 
0.93903, -0.977991 
0.939365, -0.978106 
0.9397, -0.978222 
0.940035, -0.978337 
0.94037, -0.978453 
0.940705, -0.978569 
0.94104, -0.978685 
0.941375, -0.978801 
0.94171, -0.978917 
0.942045, -0.979033 
0.94238, -0.979149 
0.942715, -0.979265 
0.94305, -0.979381 
0.943385, -0.979497 
0.94372, -0.979613 
0.944055, -0.97973 
0.94439, -0.979846 
0.944725, -0.979963 
0.94506, -0.980079 
0.945395, -0.980196 
0.94573, -0.980312 
0.946065, -0.980429 
0.9464, -0.980546 
0.946735, -0.980662 
0.94707, -0.980779 
0.947405, -0.980896 
0.94774, -0.981013 
0.948075, -0.98113 
0.94841, -0.981247 
0.948745, -0.981364 
0.94908, -0.981481 
0.949415, -0.981599 
0.94975, -0.981716 
0.950085, -0.981833 
0.95042, -0.981951 
0.950755, -0.982068 
0.95109, -0.982186 
0.951425, -0.982303 
0.95176, -0.982421 
0.952095, -0.982538 
0.95243, -0.982656 
0.952765, -0.982774 
0.9531, -0.982892 
0.953435, -0.98301 
0.95377, -0.983128 
0.954105, -0.983246 
0.95444, -0.983364 
0.954775, -0.983482 
0.95511, -0.9836 
0.955445, -0.983718 
0.95578, -0.983837 
0.956115, -0.983955 
0.95645, -0.984074 
0.956785, -0.984192 
0.95712, -0.984311 
0.957455, -0.984429 
0.95779, -0.984548 
0.958125, -0.984667 
0.95846, -0.984785 
0.958795, -0.984904 
0.95913, -0.985023 
0.959465, -0.985142 
0.9598, -0.985261 
0.960135, -0.98538 
0.96047, -0.985499 
0.960805, -0.985619 
0.96114, -0.985738 
0.961475, -0.985857 
0.96181, -0.985977 
0.962145, -0.986096 
0.96248, -0.986216 
0.962815, -0.986335 
0.96315, -0.986455 
0.963485, -0.986574 
0.96382, -0.986694 
0.964155, -0.986814 
0.96449, -0.986934 
0.964825, -0.987054 
0.96516, -0.987174 
0.965495, -0.987294 
0.96583, -0.987414 
0.966165, -0.987534 
0.9665, -0.987654 
0.966835, -0.987775 
0.96717, -0.987895 
0.967505, -0.988015 
0.96784, -0.988136 
0.968175, -0.988256 
0.96851, -0.988377 
0.968845, -0.988498 
0.96918, -0.988618 
0.969515, -0.988739 
0.96985, -0.98886 
0.970185, -0.988981 
0.97052, -0.989102 
0.970855, -0.989223 
0.97119, -0.989344 
0.971525, -0.989465 
0.97186, -0.989586 
0.972195, -0.989708 
0.97253, -0.989829 
0.972865, -0.98995 
0.9732, -0.990072 
0.973535, -0.990193 
0.97387, -0.990315 
0.974205, -0.990437 
0.97454, -0.990558 
0.974875, -0.99068 
0.97521, -0.990802 
0.975545, -0.990924 
0.97588, -0.991046 
0.976215, -0.991168 
0.97655, -0.99129 
0.976885, -0.991412 
0.97722, -0.991534 
0.977555, -0.991657 
0.97789, -0.991779 
0.978225, -0.991901 
0.97856, -0.992024 
0.978895, -0.992146 
0.97923, -0.992269 
0.979565, -0.992392 
0.9799, -0.992514 
0.980235, -0.992637 
0.98057, -0.99276 
0.980905, -0.992883 
0.98124, -0.993006 
0.981575, -0.993129 
0.98191, -0.993252 
0.982245, -0.993375 
0.98258, -0.993499 
0.982915, -0.993622 
0.98325, -0.993745 
0.983585, -0.993869 
0.98392, -0.993992 
0.984255, -0.994116 
0.98459, -0.99424 
0.984925, -0.994363 
0.98526, -0.994487 
0.985595, -0.994611 
0.98593, -0.994735 
0.986265, -0.994859 
0.9866, -0.994983 
0.986935, -0.995107 
0.98727, -0.995231 
0.987605, -0.995355 
0.98794, -0.99548 
0.988275, -0.995604 
0.98861, -0.995729 
0.988945, -0.995853 
0.98928, -0.995978 
0.989615, -0.996102 
0.98995, -0.996227 
0.990285, -0.996352 
0.99062, -0.996477 
0.990955, -0.996602 
0.99129, -0.996727 
0.991625, -0.996852 
0.99196, -0.996977 
0.992295, -0.997102 
0.99263, -0.997227 
0.992965, -0.997352 
0.9933, -0.997478 
0.993635, -0.997603 
0.99397, -0.997729 
0.994305, -0.997854 
0.99464, -0.99798 
0.994975, -0.998106 
0.99531, -0.998232 
0.995645, -0.998357 
0.99598, -0.998483 
0.996315, -0.998609 
0.99665, -0.998735 
0.996985, -0.998862 
0.99732, -0.998988 
0.997655, -0.999114 
0.99799, -0.99924 
0.998325, -0.999367 
0.99866, -0.999493 
0.998995, -0.99962 
0.99933, -0.999747 
0.999665, -0.999873 
