0.2, 1.19241 
0.2004, 1.19238 
0.2008, 1.19235 
0.2012, 1.19232 
0.2016, 1.19228 
0.202, 1.19225 
0.2024, 1.19222 
0.2028, 1.19219 
0.2032, 1.19216 
0.2036, 1.19212 
0.204, 1.19209 
0.2044, 1.19206 
0.2048, 1.19203 
0.2052, 1.19199 
0.2056, 1.19196 
0.206, 1.19193 
0.2064, 1.19189 
0.2068, 1.19186 
0.2072, 1.19182 
0.2076, 1.19179 
0.208, 1.19175 
0.2084, 1.19172 
0.2088, 1.19168 
0.2092, 1.19165 
0.2096, 1.19161 
0.21, 1.19158 
0.2104, 1.19154 
0.2108, 1.1915 
0.2112, 1.19147 
0.2116, 1.19143 
0.212, 1.19139 
0.2124, 1.19136 
0.2128, 1.19132 
0.2132, 1.19128 
0.2136, 1.19124 
0.214, 1.1912 
0.2144, 1.19116 
0.2148, 1.19113 
0.2152, 1.19109 
0.2156, 1.19105 
0.216, 1.19101 
0.2164, 1.19097 
0.2168, 1.19093 
0.2172, 1.19089 
0.2176, 1.19085 
0.218, 1.19081 
0.2184, 1.19077 
0.2188, 1.19072 
0.2192, 1.19068 
0.2196, 1.19064 
0.22, 1.1906 
0.2204, 1.19056 
0.2208, 1.19051 
0.2212, 1.19047 
0.2216, 1.19043 
0.222, 1.19039 
0.2224, 1.19034 
0.2228, 1.1903 
0.2232, 1.19026 
0.2236, 1.19021 
0.224, 1.19017 
0.2244, 1.19012 
0.2248, 1.19008 
0.2252, 1.19003 
0.2256, 1.18999 
0.226, 1.18994 
0.2264, 1.1899 
0.2268, 1.18985 
0.2272, 1.1898 
0.2276, 1.18976 
0.228, 1.18971 
0.2284, 1.18966 
0.2288, 1.18962 
0.2292, 1.18957 
0.2296, 1.18952 
0.23, 1.18947 
0.2304, 1.18943 
0.2308, 1.18938 
0.2312, 1.18933 
0.2316, 1.18928 
0.232, 1.18923 
0.2324, 1.18918 
0.2328, 1.18913 
0.2332, 1.18908 
0.2336, 1.18903 
0.234, 1.18898 
0.2344, 1.18893 
0.2348, 1.18888 
0.2352, 1.18883 
0.2356, 1.18878 
0.236, 1.18873 
0.2364, 1.18867 
0.2368, 1.18862 
0.2372, 1.18857 
0.2376, 1.18852 
0.238, 1.18846 
0.2384, 1.18841 
0.2388, 1.18836 
0.2392, 1.1883 
0.2396, 1.18825 
0.24, 1.1882 
0.2404, 1.18814 
0.2408, 1.18809 
0.2412, 1.18803 
0.2416, 1.18798 
0.242, 1.18792 
0.2424, 1.18787 
0.2428, 1.18781 
0.2432, 1.18775 
0.2436, 1.1877 
0.244, 1.18764 
0.2444, 1.18758 
0.2448, 1.18753 
0.2452, 1.18747 
0.2456, 1.18741 
0.246, 1.18735 
0.2464, 1.1873 
0.2468, 1.18724 
0.2472, 1.18718 
0.2476, 1.18712 
0.248, 1.18706 
0.2484, 1.187 
0.2488, 1.18694 
0.2492, 1.18688 
0.2496, 1.18682 
0.25, 1.18676 
0.2504, 1.1867 
0.2508, 1.18664 
0.2512, 1.18658 
0.2516, 1.18652 
0.252, 1.18646 
0.2524, 1.1864 
0.2528, 1.18633 
0.2532, 1.18627 
0.2536, 1.18621 
0.254, 1.18615 
0.2544, 1.18608 
0.2548, 1.18602 
0.2552, 1.18596 
0.2556, 1.18589 
0.256, 1.18583 
0.2564, 1.18576 
0.2568, 1.1857 
0.2572, 1.18563 
0.2576, 1.18557 
0.258, 1.1855 
0.2584, 1.18544 
0.2588, 1.18537 
0.2592, 1.1853 
0.2596, 1.18524 
0.26, 1.18517 
0.2604, 1.1851 
0.2608, 1.18504 
0.2612, 1.18497 
0.2616, 1.1849 
0.262, 1.18483 
0.2624, 1.18477 
0.2628, 1.1847 
0.2632, 1.18463 
0.2636, 1.18456 
0.264, 1.18449 
0.2644, 1.18442 
0.2648, 1.18435 
0.2652, 1.18428 
0.2656, 1.18421 
0.266, 1.18414 
0.2664, 1.18407 
0.2668, 1.184 
0.2672, 1.18393 
0.2676, 1.18385 
0.268, 1.18378 
0.2684, 1.18371 
0.2688, 1.18364 
0.2692, 1.18357 
0.2696, 1.18349 
0.27, 1.18342 
0.2704, 1.18335 
0.2708, 1.18327 
0.2712, 1.1832 
0.2716, 1.18312 
0.272, 1.18305 
0.2724, 1.18297 
0.2728, 1.1829 
0.2732, 1.18282 
0.2736, 1.18275 
0.274, 1.18267 
0.2744, 1.1826 
0.2748, 1.18252 
0.2752, 1.18244 
0.2756, 1.18237 
0.276, 1.18229 
0.2764, 1.18221 
0.2768, 1.18213 
0.2772, 1.18206 
0.2776, 1.18198 
0.278, 1.1819 
0.2784, 1.18182 
0.2788, 1.18174 
0.2792, 1.18166 
0.2796, 1.18158 
0.28, 1.1815 
0.2804, 1.18142 
0.2808, 1.18134 
0.2812, 1.18126 
0.2816, 1.18118 
0.282, 1.1811 
0.2824, 1.18102 
0.2828, 1.18094 
0.2832, 1.18085 
0.2836, 1.18077 
0.284, 1.18069 
0.2844, 1.18061 
0.2848, 1.18052 
0.2852, 1.18044 
0.2856, 1.18036 
0.286, 1.18027 
0.2864, 1.18019 
0.2868, 1.1801 
0.2872, 1.18002 
0.2876, 1.17993 
0.288, 1.17985 
0.2884, 1.17976 
0.2888, 1.17968 
0.2892, 1.17959 
0.2896, 1.17951 
0.29, 1.17942 
0.2904, 1.17933 
0.2908, 1.17924 
0.2912, 1.17916 
0.2916, 1.17907 
0.292, 1.17898 
0.2924, 1.17889 
0.2928, 1.17881 
0.2932, 1.17872 
0.2936, 1.17863 
0.294, 1.17854 
0.2944, 1.17845 
0.2948, 1.17836 
0.2952, 1.17827 
0.2956, 1.17818 
0.296, 1.17809 
0.2964, 1.178 
0.2968, 1.17791 
0.2972, 1.17781 
0.2976, 1.17772 
0.298, 1.17763 
0.2984, 1.17754 
0.2988, 1.17745 
0.2992, 1.17735 
0.2996, 1.17726 
0.3, 1.17717 
0.3004, 1.17707 
0.3008, 1.17698 
0.3012, 1.17688 
0.3016, 1.17679 
0.302, 1.17669 
0.3024, 1.1766 
0.3028, 1.1765 
0.3032, 1.17641 
0.3036, 1.17631 
0.304, 1.17622 
0.3044, 1.17612 
0.3048, 1.17602 
0.3052, 1.17593 
0.3056, 1.17583 
0.306, 1.17573 
0.3064, 1.17563 
0.3068, 1.17554 
0.3072, 1.17544 
0.3076, 1.17534 
0.308, 1.17524 
0.3084, 1.17514 
0.3088, 1.17504 
0.3092, 1.17494 
0.3096, 1.17484 
0.31, 1.17474 
0.3104, 1.17464 
0.3108, 1.17454 
0.3112, 1.17444 
0.3116, 1.17434 
0.312, 1.17423 
0.3124, 1.17413 
0.3128, 1.17403 
0.3132, 1.17393 
0.3136, 1.17382 
0.314, 1.17372 
0.3144, 1.17362 
0.3148, 1.17351 
0.3152, 1.17341 
0.3156, 1.17331 
0.316, 1.1732 
0.3164, 1.1731 
0.3168, 1.17299 
0.3172, 1.17289 
0.3176, 1.17278 
0.318, 1.17267 
0.3184, 1.17257 
0.3188, 1.17246 
0.3192, 1.17235 
0.3196, 1.17225 
0.32, 1.17214 
0.3204, 1.17203 
0.3208, 1.17192 
0.3212, 1.17182 
0.3216, 1.17171 
0.322, 1.1716 
0.3224, 1.17149 
0.3228, 1.17138 
0.3232, 1.17127 
0.3236, 1.17116 
0.324, 1.17105 
0.3244, 1.17094 
0.3248, 1.17083 
0.3252, 1.17072 
0.3256, 1.17061 
0.326, 1.17049 
0.3264, 1.17038 
0.3268, 1.17027 
0.3272, 1.17016 
0.3276, 1.17004 
0.328, 1.16993 
0.3284, 1.16982 
0.3288, 1.1697 
0.3292, 1.16959 
0.3296, 1.16948 
0.33, 1.16936 
0.3304, 1.16925 
0.3308, 1.16913 
0.3312, 1.16902 
0.3316, 1.1689 
0.332, 1.16878 
0.3324, 1.16867 
0.3328, 1.16855 
0.3332, 1.16844 
0.3336, 1.16832 
0.334, 1.1682 
0.3344, 1.16808 
0.3348, 1.16796 
0.3352, 1.16785 
0.3356, 1.16773 
0.336, 1.16761 
0.3364, 1.16749 
0.3368, 1.16737 
0.3372, 1.16725 
0.3376, 1.16713 
0.338, 1.16701 
0.3384, 1.16689 
0.3388, 1.16677 
0.3392, 1.16665 
0.3396, 1.16653 
0.34, 1.1664 
0.3404, 1.16628 
0.3408, 1.16616 
0.3412, 1.16604 
0.3416, 1.16591 
0.342, 1.16579 
0.3424, 1.16567 
0.3428, 1.16554 
0.3432, 1.16542 
0.3436, 1.16529 
0.344, 1.16517 
0.3444, 1.16505 
0.3448, 1.16492 
0.3452, 1.16479 
0.3456, 1.16467 
0.346, 1.16454 
0.3464, 1.16442 
0.3468, 1.16429 
0.3472, 1.16416 
0.3476, 1.16403 
0.348, 1.16391 
0.3484, 1.16378 
0.3488, 1.16365 
0.3492, 1.16352 
0.3496, 1.16339 
0.35, 1.16326 
0.3504, 1.16313 
0.3508, 1.16301 
0.3512, 1.16288 
0.3516, 1.16274 
0.352, 1.16261 
0.3524, 1.16248 
0.3528, 1.16235 
0.3532, 1.16222 
0.3536, 1.16209 
0.354, 1.16196 
0.3544, 1.16182 
0.3548, 1.16169 
0.3552, 1.16156 
0.3556, 1.16143 
0.356, 1.16129 
0.3564, 1.16116 
0.3568, 1.16102 
0.3572, 1.16089 
0.3576, 1.16075 
0.358, 1.16062 
0.3584, 1.16048 
0.3588, 1.16035 
0.3592, 1.16021 
0.3596, 1.16008 
0.36, 1.15994 
0.3604, 1.1598 
0.3608, 1.15967 
0.3612, 1.15953 
0.3616, 1.15939 
0.362, 1.15925 
0.3624, 1.15911 
0.3628, 1.15898 
0.3632, 1.15884 
0.3636, 1.1587 
0.364, 1.15856 
0.3644, 1.15842 
0.3648, 1.15828 
0.3652, 1.15814 
0.3656, 1.158 
0.366, 1.15786 
0.3664, 1.15771 
0.3668, 1.15757 
0.3672, 1.15743 
0.3676, 1.15729 
0.368, 1.15715 
0.3684, 1.157 
0.3688, 1.15686 
0.3692, 1.15672 
0.3696, 1.15657 
0.37, 1.15643 
0.3704, 1.15628 
0.3708, 1.15614 
0.3712, 1.15599 
0.3716, 1.15585 
0.372, 1.1557 
0.3724, 1.15556 
0.3728, 1.15541 
0.3732, 1.15527 
0.3736, 1.15512 
0.374, 1.15497 
0.3744, 1.15482 
0.3748, 1.15468 
0.3752, 1.15453 
0.3756, 1.15438 
0.376, 1.15423 
0.3764, 1.15408 
0.3768, 1.15393 
0.3772, 1.15378 
0.3776, 1.15363 
0.378, 1.15348 
0.3784, 1.15333 
0.3788, 1.15318 
0.3792, 1.15303 
0.3796, 1.15288 
0.38, 1.15273 
0.3804, 1.15258 
0.3808, 1.15242 
0.3812, 1.15227 
0.3816, 1.15212 
0.382, 1.15197 
0.3824, 1.15181 
0.3828, 1.15166 
0.3832, 1.1515 
0.3836, 1.15135 
0.384, 1.1512 
0.3844, 1.15104 
0.3848, 1.15088 
0.3852, 1.15073 
0.3856, 1.15057 
0.386, 1.15042 
0.3864, 1.15026 
0.3868, 1.1501 
0.3872, 1.14995 
0.3876, 1.14979 
0.388, 1.14963 
0.3884, 1.14947 
0.3888, 1.14931 
0.3892, 1.14916 
0.3896, 1.149 
0.39, 1.14884 
0.3904, 1.14868 
0.3908, 1.14852 
0.3912, 1.14836 
0.3916, 1.1482 
0.392, 1.14804 
0.3924, 1.14788 
0.3928, 1.14771 
0.3932, 1.14755 
0.3936, 1.14739 
0.394, 1.14723 
0.3944, 1.14706 
0.3948, 1.1469 
0.3952, 1.14674 
0.3956, 1.14657 
0.396, 1.14641 
0.3964, 1.14625 
0.3968, 1.14608 
0.3972, 1.14592 
0.3976, 1.14575 
0.398, 1.14559 
0.3984, 1.14542 
0.3988, 1.14525 
0.3992, 1.14509 
0.3996, 1.14492 
0.4, 1.14475 
0.4004, 1.14459 
0.4008, 1.14442 
0.4012, 1.14425 
0.4016, 1.14408 
0.402, 1.14391 
0.4024, 1.14374 
0.4028, 1.14357 
0.4032, 1.14341 
0.4036, 1.14324 
0.404, 1.14307 
0.4044, 1.14289 
0.4048, 1.14272 
0.4052, 1.14255 
0.4056, 1.14238 
0.406, 1.14221 
0.4064, 1.14204 
0.4068, 1.14186 
0.4072, 1.14169 
0.4076, 1.14152 
0.408, 1.14135 
0.4084, 1.14117 
0.4088, 1.141 
0.4092, 1.14082 
0.4096, 1.14065 
0.41, 1.14047 
0.4104, 1.1403 
0.4108, 1.14012 
0.4112, 1.13995 
0.4116, 1.13977 
0.412, 1.13959 
0.4124, 1.13942 
0.4128, 1.13924 
0.4132, 1.13906 
0.4136, 1.13889 
0.414, 1.13871 
0.4144, 1.13853 
0.4148, 1.13835 
0.4152, 1.13817 
0.4156, 1.13799 
0.416, 1.13781 
0.4164, 1.13763 
0.4168, 1.13745 
0.4172, 1.13727 
0.4176, 1.13709 
0.418, 1.13691 
0.4184, 1.13673 
0.4188, 1.13655 
0.4192, 1.13636 
0.4196, 1.13618 
0.42, 1.136 
0.4204, 1.13581 
0.4208, 1.13563 
0.4212, 1.13545 
0.4216, 1.13526 
0.422, 1.13508 
0.4224, 1.13489 
0.4228, 1.13471 
0.4232, 1.13452 
0.4236, 1.13434 
0.424, 1.13415 
0.4244, 1.13396 
0.4248, 1.13378 
0.4252, 1.13359 
0.4256, 1.1334 
0.426, 1.13322 
0.4264, 1.13303 
0.4268, 1.13284 
0.4272, 1.13265 
0.4276, 1.13246 
0.428, 1.13227 
0.4284, 1.13208 
0.4288, 1.13189 
0.4292, 1.1317 
0.4296, 1.13151 
0.43, 1.13132 
0.4304, 1.13113 
0.4308, 1.13094 
0.4312, 1.13075 
0.4316, 1.13056 
0.432, 1.13036 
0.4324, 1.13017 
0.4328, 1.12998 
0.4332, 1.12978 
0.4336, 1.12959 
0.434, 1.1294 
0.4344, 1.1292 
0.4348, 1.12901 
0.4352, 1.12881 
0.4356, 1.12862 
0.436, 1.12842 
0.4364, 1.12822 
0.4368, 1.12803 
0.4372, 1.12783 
0.4376, 1.12763 
0.438, 1.12744 
0.4384, 1.12724 
0.4388, 1.12704 
0.4392, 1.12684 
0.4396, 1.12664 
0.44, 1.12645 
0.4404, 1.12625 
0.4408, 1.12605 
0.4412, 1.12585 
0.4416, 1.12565 
0.442, 1.12545 
0.4424, 1.12525 
0.4428, 1.12504 
0.4432, 1.12484 
0.4436, 1.12464 
0.444, 1.12444 
0.4444, 1.12424 
0.4448, 1.12403 
0.4452, 1.12383 
0.4456, 1.12363 
0.446, 1.12342 
0.4464, 1.12322 
0.4468, 1.12301 
0.4472, 1.12281 
0.4476, 1.1226 
0.448, 1.1224 
0.4484, 1.12219 
0.4488, 1.12199 
0.4492, 1.12178 
0.4496, 1.12157 
0.45, 1.12137 
0.4504, 1.12116 
0.4508, 1.12095 
0.4512, 1.12074 
0.4516, 1.12054 
0.452, 1.12033 
0.4524, 1.12012 
0.4528, 1.11991 
0.4532, 1.1197 
0.4536, 1.11949 
0.454, 1.11928 
0.4544, 1.11907 
0.4548, 1.11886 
0.4552, 1.11865 
0.4556, 1.11843 
0.456, 1.11822 
0.4564, 1.11801 
0.4568, 1.1178 
0.4572, 1.11758 
0.4576, 1.11737 
0.458, 1.11716 
0.4584, 1.11694 
0.4588, 1.11673 
0.4592, 1.11651 
0.4596, 1.1163 
0.46, 1.11608 
0.4604, 1.11587 
0.4608, 1.11565 
0.4612, 1.11544 
0.4616, 1.11522 
0.462, 1.115 
0.4624, 1.11479 
0.4628, 1.11457 
0.4632, 1.11435 
0.4636, 1.11413 
0.464, 1.11391 
0.4644, 1.11369 
0.4648, 1.11348 
0.4652, 1.11326 
0.4656, 1.11304 
0.466, 1.11282 
0.4664, 1.1126 
0.4668, 1.11237 
0.4672, 1.11215 
0.4676, 1.11193 
0.468, 1.11171 
0.4684, 1.11149 
0.4688, 1.11127 
0.4692, 1.11104 
0.4696, 1.11082 
0.47, 1.1106 
0.4704, 1.11037 
0.4708, 1.11015 
0.4712, 1.10992 
0.4716, 1.1097 
0.472, 1.10947 
0.4724, 1.10925 
0.4728, 1.10902 
0.4732, 1.1088 
0.4736, 1.10857 
0.474, 1.10834 
0.4744, 1.10812 
0.4748, 1.10789 
0.4752, 1.10766 
0.4756, 1.10743 
0.476, 1.1072 
0.4764, 1.10697 
0.4768, 1.10674 
0.4772, 1.10652 
0.4776, 1.10629 
0.478, 1.10606 
0.4784, 1.10582 
0.4788, 1.10559 
0.4792, 1.10536 
0.4796, 1.10513 
0.48, 1.1049 
0.4804, 1.10467 
0.4808, 1.10443 
0.4812, 1.1042 
0.4816, 1.10397 
0.482, 1.10374 
0.4824, 1.1035 
0.4828, 1.10327 
0.4832, 1.10303 
0.4836, 1.1028 
0.484, 1.10256 
0.4844, 1.10233 
0.4848, 1.10209 
0.4852, 1.10186 
0.4856, 1.10162 
0.486, 1.10138 
0.4864, 1.10114 
0.4868, 1.10091 
0.4872, 1.10067 
0.4876, 1.10043 
0.488, 1.10019 
0.4884, 1.09995 
0.4888, 1.09971 
0.4892, 1.09947 
0.4896, 1.09923 
0.49, 1.09899 
0.4904, 1.09875 
0.4908, 1.09851 
0.4912, 1.09827 
0.4916, 1.09803 
0.492, 1.09779 
0.4924, 1.09755 
0.4928, 1.0973 
0.4932, 1.09706 
0.4936, 1.09682 
0.494, 1.09657 
0.4944, 1.09633 
0.4948, 1.09609 
0.4952, 1.09584 
0.4956, 1.0956 
0.496, 1.09535 
0.4964, 1.0951 
0.4968, 1.09486 
0.4972, 1.09461 
0.4976, 1.09437 
0.498, 1.09412 
0.4984, 1.09387 
0.4988, 1.09362 
0.4992, 1.09338 
0.4996, 1.09313 
0.5, 1.09288 
0.5004, 1.09263 
0.5008, 1.09238 
0.5012, 1.09213 
0.5016, 1.09188 
0.502, 1.09163 
0.5024, 1.09138 
0.5028, 1.09113 
0.5032, 1.09088 
0.5036, 1.09063 
0.504, 1.09037 
0.5044, 1.09012 
0.5048, 1.08987 
0.5052, 1.08962 
0.5056, 1.08936 
0.506, 1.08911 
0.5064, 1.08885 
0.5068, 1.0886 
0.5072, 1.08834 
0.5076, 1.08809 
0.508, 1.08783 
0.5084, 1.08758 
0.5088, 1.08732 
0.5092, 1.08707 
0.5096, 1.08681 
0.51, 1.08655 
0.5104, 1.08629 
0.5108, 1.08604 
0.5112, 1.08578 
0.5116, 1.08552 
0.512, 1.08526 
0.5124, 1.085 
0.5128, 1.08474 
0.5132, 1.08448 
0.5136, 1.08422 
0.514, 1.08396 
0.5144, 1.0837 
0.5148, 1.08344 
0.5152, 1.08318 
0.5156, 1.08291 
0.516, 1.08265 
0.5164, 1.08239 
0.5168, 1.08213 
0.5172, 1.08186 
0.5176, 1.0816 
0.518, 1.08134 
0.5184, 1.08107 
0.5188, 1.08081 
0.5192, 1.08054 
0.5196, 1.08028 
0.52, 1.08001 
0.5204, 1.07974 
0.5208, 1.07948 
0.5212, 1.07921 
0.5216, 1.07894 
0.522, 1.07868 
0.5224, 1.07841 
0.5228, 1.07814 
0.5232, 1.07787 
0.5236, 1.0776 
0.524, 1.07733 
0.5244, 1.07706 
0.5248, 1.07679 
0.5252, 1.07652 
0.5256, 1.07625 
0.526, 1.07598 
0.5264, 1.07571 
0.5268, 1.07544 
0.5272, 1.07517 
0.5276, 1.0749 
0.528, 1.07462 
0.5284, 1.07435 
0.5288, 1.07408 
0.5292, 1.0738 
0.5296, 1.07353 
0.53, 1.07326 
0.5304, 1.07298 
0.5308, 1.07271 
0.5312, 1.07243 
0.5316, 1.07215 
0.532, 1.07188 
0.5324, 1.0716 
0.5328, 1.07133 
0.5332, 1.07105 
0.5336, 1.07077 
0.534, 1.07049 
0.5344, 1.07021 
0.5348, 1.06994 
0.5352, 1.06966 
0.5356, 1.06938 
0.536, 1.0691 
0.5364, 1.06882 
0.5368, 1.06854 
0.5372, 1.06826 
0.5376, 1.06798 
0.538, 1.0677 
0.5384, 1.06741 
0.5388, 1.06713 
0.5392, 1.06685 
0.5396, 1.06657 
0.54, 1.06628 
0.5404, 1.066 
0.5408, 1.06572 
0.5412, 1.06543 
0.5416, 1.06515 
0.542, 1.06486 
0.5424, 1.06458 
0.5428, 1.06429 
0.5432, 1.06401 
0.5436, 1.06372 
0.544, 1.06343 
0.5444, 1.06315 
0.5448, 1.06286 
0.5452, 1.06257 
0.5456, 1.06229 
0.546, 1.062 
0.5464, 1.06171 
0.5468, 1.06142 
0.5472, 1.06113 
0.5476, 1.06084 
0.548, 1.06055 
0.5484, 1.06026 
0.5488, 1.05997 
0.5492, 1.05968 
0.5496, 1.05939 
0.55, 1.0591 
0.5504, 1.0588 
0.5508, 1.05851 
0.5512, 1.05822 
0.5516, 1.05793 
0.552, 1.05763 
0.5524, 1.05734 
0.5528, 1.05704 
0.5532, 1.05675 
0.5536, 1.05645 
0.554, 1.05616 
0.5544, 1.05586 
0.5548, 1.05557 
0.5552, 1.05527 
0.5556, 1.05498 
0.556, 1.05468 
0.5564, 1.05438 
0.5568, 1.05408 
0.5572, 1.05379 
0.5576, 1.05349 
0.558, 1.05319 
0.5584, 1.05289 
0.5588, 1.05259 
0.5592, 1.05229 
0.5596, 1.05199 
0.56, 1.05169 
0.5604, 1.05139 
0.5608, 1.05109 
0.5612, 1.05079 
0.5616, 1.05048 
0.562, 1.05018 
0.5624, 1.04988 
0.5628, 1.04958 
0.5632, 1.04927 
0.5636, 1.04897 
0.564, 1.04867 
0.5644, 1.04836 
0.5648, 1.04806 
0.5652, 1.04775 
0.5656, 1.04745 
0.566, 1.04714 
0.5664, 1.04683 
0.5668, 1.04653 
0.5672, 1.04622 
0.5676, 1.04591 
0.568, 1.04561 
0.5684, 1.0453 
0.5688, 1.04499 
0.5692, 1.04468 
0.5696, 1.04437 
0.57, 1.04406 
0.5704, 1.04375 
0.5708, 1.04344 
0.5712, 1.04313 
0.5716, 1.04282 
0.572, 1.04251 
0.5724, 1.0422 
0.5728, 1.04189 
0.5732, 1.04158 
0.5736, 1.04126 
0.574, 1.04095 
0.5744, 1.04064 
0.5748, 1.04032 
0.5752, 1.04001 
0.5756, 1.0397 
0.576, 1.03938 
0.5764, 1.03907 
0.5768, 1.03875 
0.5772, 1.03844 
0.5776, 1.03812 
0.578, 1.0378 
0.5784, 1.03749 
0.5788, 1.03717 
0.5792, 1.03685 
0.5796, 1.03654 
0.58, 1.03622 
0.5804, 1.0359 
0.5808, 1.03558 
0.5812, 1.03526 
0.5816, 1.03494 
0.582, 1.03462 
0.5824, 1.0343 
0.5828, 1.03398 
0.5832, 1.03366 
0.5836, 1.03334 
0.584, 1.03302 
0.5844, 1.03269 
0.5848, 1.03237 
0.5852, 1.03205 
0.5856, 1.03173 
0.586, 1.0314 
0.5864, 1.03108 
0.5868, 1.03076 
0.5872, 1.03043 
0.5876, 1.03011 
0.588, 1.02978 
0.5884, 1.02946 
0.5888, 1.02913 
0.5892, 1.0288 
0.5896, 1.02848 
0.59, 1.02815 
0.5904, 1.02782 
0.5908, 1.02749 
0.5912, 1.02717 
0.5916, 1.02684 
0.592, 1.02651 
0.5924, 1.02618 
0.5928, 1.02585 
0.5932, 1.02552 
0.5936, 1.02519 
0.594, 1.02486 
0.5944, 1.02453 
0.5948, 1.0242 
0.5952, 1.02387 
0.5956, 1.02353 
0.596, 1.0232 
0.5964, 1.02287 
0.5968, 1.02254 
0.5972, 1.0222 
0.5976, 1.02187 
0.598, 1.02154 
0.5984, 1.0212 
0.5988, 1.02087 
0.5992, 1.02053 
0.5996, 1.0202 
0.6, 1.01986 
0.6004, 1.01952 
0.6008, 1.01919 
0.6012, 1.01885 
0.6016, 1.01851 
0.602, 1.01817 
0.6024, 1.01784 
0.6028, 1.0175 
0.6032, 1.01716 
0.6036, 1.01682 
0.604, 1.01648 
0.6044, 1.01614 
0.6048, 1.0158 
0.6052, 1.01546 
0.6056, 1.01512 
0.606, 1.01478 
0.6064, 1.01444 
0.6068, 1.01409 
0.6072, 1.01375 
0.6076, 1.01341 
0.608, 1.01307 
0.6084, 1.01272 
0.6088, 1.01238 
0.6092, 1.01204 
0.6096, 1.01169 
0.61, 1.01135 
0.6104, 1.011 
0.6108, 1.01066 
0.6112, 1.01031 
0.6116, 1.00996 
0.612, 1.00962 
0.6124, 1.00927 
0.6128, 1.00892 
0.6132, 1.00857 
0.6136, 1.00823 
0.614, 1.00788 
0.6144, 1.00753 
0.6148, 1.00718 
0.6152, 1.00683 
0.6156, 1.00648 
0.616, 1.00613 
0.6164, 1.00578 
0.6168, 1.00543 
0.6172, 1.00508 
0.6176, 1.00473 
0.618, 1.00437 
0.6184, 1.00402 
0.6188, 1.00367 
0.6192, 1.00332 
0.6196, 1.00296 
0.62, 1.00261 
0.6204, 1.00225 
0.6208, 1.0019 
0.6212, 1.00155 
0.6216, 1.00119 
0.622, 1.00083 
0.6224, 1.00048 
0.6228, 1.00012 
0.6232, 0.999765 
0.6236, 0.999408 
0.624, 0.999051 
0.6244, 0.998693 
0.6248, 0.998335 
0.6252, 0.997976 
0.6256, 0.997617 
0.626, 0.997258 
0.6264, 0.996899 
0.6268, 0.996539 
0.6272, 0.996178 
0.6276, 0.995818 
0.628, 0.995457 
0.6284, 0.995095 
0.6288, 0.994733 
0.6292, 0.994371 
0.6296, 0.994009 
0.63, 0.993646 
0.6304, 0.993283 
0.6308, 0.992919 
0.6312, 0.992555 
0.6316, 0.992191 
0.632, 0.991826 
0.6324, 0.991461 
0.6328, 0.991096 
0.6332, 0.99073 
0.6336, 0.990364 
0.634, 0.989998 
0.6344, 0.989631 
0.6348, 0.989264 
0.6352, 0.988896 
0.6356, 0.988528 
0.636, 0.98816 
0.6364, 0.987791 
0.6368, 0.987423 
0.6372, 0.987053 
0.6376, 0.986683 
0.638, 0.986313 
0.6384, 0.985943 
0.6388, 0.985572 
0.6392, 0.985201 
0.6396, 0.984829 
0.64, 0.984458 
0.6404, 0.984085 
0.6408, 0.983713 
0.6412, 0.98334 
0.6416, 0.982966 
0.642, 0.982593 
0.6424, 0.982219 
0.6428, 0.981844 
0.6432, 0.981469 
0.6436, 0.981094 
0.644, 0.980719 
0.6444, 0.980343 
0.6448, 0.979967 
0.6452, 0.97959 
0.6456, 0.979213 
0.646, 0.978836 
0.6464, 0.978458 
0.6468, 0.97808 
0.6472, 0.977702 
0.6476, 0.977323 
0.648, 0.976944 
0.6484, 0.976564 
0.6488, 0.976184 
0.6492, 0.975804 
0.6496, 0.975424 
0.65, 0.975043 
0.6504, 0.974661 
0.6508, 0.97428 
0.6512, 0.973898 
0.6516, 0.973515 
0.652, 0.973132 
0.6524, 0.972749 
0.6528, 0.972366 
0.6532, 0.971982 
0.6536, 0.971598 
0.654, 0.971213 
0.6544, 0.970828 
0.6548, 0.970443 
0.6552, 0.970057 
0.6556, 0.969671 
0.656, 0.969285 
0.6564, 0.968898 
0.6568, 0.968511 
0.6572, 0.968123 
0.6576, 0.967735 
0.658, 0.967347 
0.6584, 0.966958 
0.6588, 0.966569 
0.6592, 0.96618 
0.6596, 0.96579 
0.66, 0.9654 
0.6604, 0.96501 
0.6608, 0.964619 
0.6612, 0.964228 
0.6616, 0.963837 
0.662, 0.963445 
0.6624, 0.963052 
0.6628, 0.96266 
0.6632, 0.962267 
0.6636, 0.961873 
0.664, 0.96148 
0.6644, 0.961086 
0.6648, 0.960691 
0.6652, 0.960296 
0.6656, 0.959901 
0.666, 0.959506 
0.6664, 0.95911 
0.6668, 0.958714 
0.6672, 0.958317 
0.6676, 0.95792 
0.668, 0.957523 
0.6684, 0.957125 
0.6688, 0.956727 
0.6692, 0.956328 
0.6696, 0.955929 
0.67, 0.95553 
0.6704, 0.955131 
0.6708, 0.954731 
0.6712, 0.954331 
0.6716, 0.95393 
0.672, 0.953529 
0.6724, 0.953128 
0.6728, 0.952726 
0.6732, 0.952324 
0.6736, 0.951921 
0.674, 0.951518 
0.6744, 0.951115 
0.6748, 0.950712 
0.6752, 0.950308 
0.6756, 0.949903 
0.676, 0.949499 
0.6764, 0.949094 
0.6768, 0.948688 
0.6772, 0.948282 
0.6776, 0.947876 
0.678, 0.94747 
0.6784, 0.947063 
0.6788, 0.946656 
0.6792, 0.946248 
0.6796, 0.94584 
0.68, 0.945432 
0.6804, 0.945023 
0.6808, 0.944614 
0.6812, 0.944204 
0.6816, 0.943795 
0.682, 0.943385 
0.6824, 0.942974 
0.6828, 0.942563 
0.6832, 0.942152 
0.6836, 0.94174 
0.684, 0.941328 
0.6844, 0.940916 
0.6848, 0.940503 
0.6852, 0.94009 
0.6856, 0.939676 
0.686, 0.939263 
0.6864, 0.938848 
0.6868, 0.938434 
0.6872, 0.938019 
0.6876, 0.937604 
0.688, 0.937188 
0.6884, 0.936772 
0.6888, 0.936355 
0.6892, 0.935939 
0.6896, 0.935522 
0.69, 0.935104 
0.6904, 0.934686 
0.6908, 0.934268 
0.6912, 0.933849 
0.6916, 0.93343 
0.692, 0.933011 
0.6924, 0.932591 
0.6928, 0.932171 
0.6932, 0.931751 
0.6936, 0.93133 
0.694, 0.930909 
0.6944, 0.930487 
0.6948, 0.930065 
0.6952, 0.929643 
0.6956, 0.92922 
0.696, 0.928797 
0.6964, 0.928374 
0.6968, 0.92795 
0.6972, 0.927526 
0.6976, 0.927102 
0.698, 0.926677 
0.6984, 0.926251 
0.6988, 0.925826 
0.6992, 0.9254 
0.6996, 0.924974 
0.7, 0.924547 
0.7004, 0.92412 
0.7008, 0.923692 
0.7012, 0.923264 
0.7016, 0.922836 
0.702, 0.922408 
0.7024, 0.921979 
0.7028, 0.92155 
0.7032, 0.92112 
0.7036, 0.92069 
0.704, 0.92026 
0.7044, 0.919829 
0.7048, 0.919398 
0.7052, 0.918966 
0.7056, 0.918534 
0.706, 0.918102 
0.7064, 0.917669 
0.7068, 0.917236 
0.7072, 0.916803 
0.7076, 0.916369 
0.708, 0.915935 
0.7084, 0.915501 
0.7088, 0.915066 
0.7092, 0.914631 
0.7096, 0.914195 
0.71, 0.913759 
0.7104, 0.913323 
0.7108, 0.912887 
0.7112, 0.91245 
0.7116, 0.912012 
0.712, 0.911574 
0.7124, 0.911136 
0.7128, 0.910698 
0.7132, 0.910259 
0.7136, 0.90982 
0.714, 0.90938 
0.7144, 0.90894 
0.7148, 0.9085 
0.7152, 0.908059 
0.7156, 0.907618 
0.716, 0.907176 
0.7164, 0.906735 
0.7168, 0.906292 
0.7172, 0.90585 
0.7176, 0.905407 
0.718, 0.904964 
0.7184, 0.90452 
0.7188, 0.904076 
0.7192, 0.903632 
0.7196, 0.903187 
0.72, 0.902742 
0.7204, 0.902296 
0.7208, 0.90185 
0.7212, 0.901404 
0.7216, 0.900957 
0.722, 0.90051 
0.7224, 0.900063 
0.7228, 0.899615 
0.7232, 0.899167 
0.7236, 0.898719 
0.724, 0.89827 
0.7244, 0.897821 
0.7248, 0.897371 
0.7252, 0.896921 
0.7256, 0.896471 
0.726, 0.89602 
0.7264, 0.895569 
0.7268, 0.895118 
0.7272, 0.894666 
0.7276, 0.894214 
0.728, 0.893761 
0.7284, 0.893308 
0.7288, 0.892855 
0.7292, 0.892401 
0.7296, 0.891947 
0.73, 0.891493 
0.7304, 0.891038 
0.7308, 0.890583 
0.7312, 0.890128 
0.7316, 0.889672 
0.732, 0.889215 
0.7324, 0.888759 
0.7328, 0.888302 
0.7332, 0.887845 
0.7336, 0.887387 
0.734, 0.886929 
0.7344, 0.88647 
0.7348, 0.886011 
0.7352, 0.885552 
0.7356, 0.885093 
0.736, 0.884633 
0.7364, 0.884172 
0.7368, 0.883712 
0.7372, 0.883251 
0.7376, 0.882789 
0.738, 0.882327 
0.7384, 0.881865 
0.7388, 0.881403 
0.7392, 0.88094 
0.7396, 0.880477 
0.74, 0.880013 
0.7404, 0.879549 
0.7408, 0.879085 
0.7412, 0.87862 
0.7416, 0.878155 
0.742, 0.877689 
0.7424, 0.877223 
0.7428, 0.876757 
0.7432, 0.87629 
0.7436, 0.875823 
0.744, 0.875356 
0.7444, 0.874888 
0.7448, 0.87442 
0.7452, 0.873952 
0.7456, 0.873483 
0.746, 0.873014 
0.7464, 0.872544 
0.7468, 0.872074 
0.7472, 0.871604 
0.7476, 0.871133 
0.748, 0.870662 
0.7484, 0.870191 
0.7488, 0.869719 
0.7492, 0.869247 
0.7496, 0.868774 
0.75, 0.868301 
0.7504, 0.867828 
0.7508, 0.867354 
0.7512, 0.86688 
0.7516, 0.866406 
0.752, 0.865931 
0.7524, 0.865456 
0.7528, 0.864981 
0.7532, 0.864505 
0.7536, 0.864028 
0.754, 0.863552 
0.7544, 0.863075 
0.7548, 0.862597 
0.7552, 0.86212 
0.7556, 0.861642 
0.756, 0.861163 
0.7564, 0.860684 
0.7568, 0.860205 
0.7572, 0.859725 
0.7576, 0.859245 
0.758, 0.858765 
0.7584, 0.858284 
0.7588, 0.857803 
0.7592, 0.857322 
0.7596, 0.85684 
0.76, 0.856358 
0.7604, 0.855875 
0.7608, 0.855392 
0.7612, 0.854909 
0.7616, 0.854425 
0.762, 0.853941 
0.7624, 0.853457 
0.7628, 0.852972 
0.7632, 0.852487 
0.7636, 0.852001 
0.764, 0.851515 
0.7644, 0.851029 
0.7648, 0.850542 
0.7652, 0.850055 
0.7656, 0.849568 
0.766, 0.84908 
0.7664, 0.848592 
0.7668, 0.848104 
0.7672, 0.847615 
0.7676, 0.847126 
0.768, 0.846636 
0.7684, 0.846146 
0.7688, 0.845656 
0.7692, 0.845165 
0.7696, 0.844674 
0.77, 0.844182 
0.7704, 0.84369 
0.7708, 0.843198 
0.7712, 0.842706 
0.7716, 0.842213 
0.772, 0.841719 
0.7724, 0.841225 
0.7728, 0.840731 
0.7732, 0.840237 
0.7736, 0.839742 
0.774, 0.839247 
0.7744, 0.838751 
0.7748, 0.838255 
0.7752, 0.837759 
0.7756, 0.837262 
0.776, 0.836765 
0.7764, 0.836268 
0.7768, 0.83577 
0.7772, 0.835272 
0.7776, 0.834773 
0.778, 0.834274 
0.7784, 0.833775 
0.7788, 0.833275 
0.7792, 0.832775 
0.7796, 0.832275 
0.78, 0.831774 
0.7804, 0.831273 
0.7808, 0.830772 
0.7812, 0.83027 
0.7816, 0.829767 
0.782, 0.829265 
0.7824, 0.828762 
0.7828, 0.828258 
0.7832, 0.827755 
0.7836, 0.82725 
0.784, 0.826746 
0.7844, 0.826241 
0.7848, 0.825736 
0.7852, 0.82523 
0.7856, 0.824724 
0.786, 0.824218 
0.7864, 0.823711 
0.7868, 0.823204 
0.7872, 0.822696 
0.7876, 0.822189 
0.788, 0.82168 
0.7884, 0.821172 
0.7888, 0.820663 
0.7892, 0.820154 
0.7896, 0.819644 
0.79, 0.819134 
0.7904, 0.818623 
0.7908, 0.818112 
0.7912, 0.817601 
0.7916, 0.81709 
0.792, 0.816578 
0.7924, 0.816065 
0.7928, 0.815553 
0.7932, 0.81504 
0.7936, 0.814526 
0.794, 0.814012 
0.7944, 0.813498 
0.7948, 0.812984 
0.7952, 0.812469 
0.7956, 0.811953 
0.796, 0.811438 
0.7964, 0.810922 
0.7968, 0.810405 
0.7972, 0.809888 
0.7976, 0.809371 
0.798, 0.808854 
0.7984, 0.808336 
0.7988, 0.807818 
0.7992, 0.807299 
0.7996, 0.80678 
0.8, 0.806261 
0.8004, 0.805741 
0.8008, 0.805221 
0.8012, 0.8047 
0.8016, 0.804179 
0.802, 0.803658 
0.8024, 0.803136 
0.8028, 0.802614 
0.8032, 0.802092 
0.8036, 0.801569 
0.804, 0.801046 
0.8044, 0.800523 
0.8048, 0.799999 
0.8052, 0.799474 
0.8056, 0.79895 
0.806, 0.798425 
0.8064, 0.7979 
0.8068, 0.797374 
0.8072, 0.796848 
0.8076, 0.796321 
0.808, 0.795794 
0.8084, 0.795267 
0.8088, 0.79474 
0.8092, 0.794212 
0.8096, 0.793683 
0.81, 0.793155 
0.8104, 0.792625 
0.8108, 0.792096 
0.8112, 0.791566 
0.8116, 0.791036 
0.812, 0.790505 
0.8124, 0.789975 
0.8128, 0.789443 
0.8132, 0.788911 
0.8136, 0.788379 
0.814, 0.787847 
0.8144, 0.787314 
0.8148, 0.786781 
0.8152, 0.786247 
0.8156, 0.785714 
0.816, 0.785179 
0.8164, 0.784645 
0.8168, 0.78411 
0.8172, 0.783574 
0.8176, 0.783038 
0.818, 0.782502 
0.8184, 0.781966 
0.8188, 0.781429 
0.8192, 0.780891 
0.8196, 0.780354 
0.82, 0.779816 
0.8204, 0.779277 
0.8208, 0.778739 
0.8212, 0.778199 
0.8216, 0.77766 
0.822, 0.77712 
0.8224, 0.77658 
0.8228, 0.776039 
0.8232, 0.775498 
0.8236, 0.774957 
0.824, 0.774415 
0.8244, 0.773873 
0.8248, 0.77333 
0.8252, 0.772788 
0.8256, 0.772244 
0.826, 0.771701 
0.8264, 0.771157 
0.8268, 0.770612 
0.8272, 0.770068 
0.8276, 0.769523 
0.828, 0.768977 
0.8284, 0.768431 
0.8288, 0.767885 
0.8292, 0.767338 
0.8296, 0.766791 
0.83, 0.766244 
0.8304, 0.765696 
0.8308, 0.765148 
0.8312, 0.7646 
0.8316, 0.764051 
0.832, 0.763502 
0.8324, 0.762952 
0.8328, 0.762402 
0.8332, 0.761852 
0.8336, 0.761301 
0.834, 0.76075 
0.8344, 0.760199 
0.8348, 0.759647 
0.8352, 0.759095 
0.8356, 0.758542 
0.836, 0.757989 
0.8364, 0.757436 
0.8368, 0.756882 
0.8372, 0.756328 
0.8376, 0.755774 
0.838, 0.755219 
0.8384, 0.754664 
0.8388, 0.754108 
0.8392, 0.753552 
0.8396, 0.752996 
0.84, 0.752439 
0.8404, 0.751882 
0.8408, 0.751325 
0.8412, 0.750767 
0.8416, 0.750209 
0.842, 0.749651 
0.8424, 0.749092 
0.8428, 0.748532 
0.8432, 0.747973 
0.8436, 0.747413 
0.844, 0.746852 
0.8444, 0.746292 
0.8448, 0.745731 
0.8452, 0.745169 
0.8456, 0.744607 
0.846, 0.744045 
0.8464, 0.743482 
0.8468, 0.742919 
0.8472, 0.742356 
0.8476, 0.741792 
0.848, 0.741228 
0.8484, 0.740664 
0.8488, 0.740099 
0.8492, 0.739534 
0.8496, 0.738968 
0.85, 0.738402 
0.8504, 0.737836 
0.8508, 0.737269 
0.8512, 0.736702 
0.8516, 0.736134 
0.852, 0.735567 
0.8524, 0.734998 
0.8528, 0.73443 
0.8532, 0.733861 
0.8536, 0.733291 
0.854, 0.732722 
0.8544, 0.732152 
0.8548, 0.731581 
0.8552, 0.73101 
0.8556, 0.730439 
0.856, 0.729868 
0.8564, 0.729296 
0.8568, 0.728723 
0.8572, 0.728151 
0.8576, 0.727578 
0.858, 0.727004 
0.8584, 0.726431 
0.8588, 0.725856 
0.8592, 0.725282 
0.8596, 0.724707 
0.86, 0.724132 
0.8604, 0.723556 
0.8608, 0.72298 
0.8612, 0.722404 
0.8616, 0.721827 
0.862, 0.72125 
0.8624, 0.720672 
0.8628, 0.720094 
0.8632, 0.719516 
0.8636, 0.718937 
0.864, 0.718358 
0.8644, 0.717779 
0.8648, 0.717199 
0.8652, 0.716619 
0.8656, 0.716039 
0.866, 0.715458 
0.8664, 0.714877 
0.8668, 0.714295 
0.8672, 0.713713 
0.8676, 0.713131 
0.868, 0.712548 
0.8684, 0.711965 
0.8688, 0.711381 
0.8692, 0.710797 
0.8696, 0.710213 
0.87, 0.709629 
0.8704, 0.709044 
0.8708, 0.708458 
0.8712, 0.707873 
0.8716, 0.707287 
0.872, 0.7067 
0.8724, 0.706113 
0.8728, 0.705526 
0.8732, 0.704939 
0.8736, 0.704351 
0.874, 0.703762 
0.8744, 0.703174 
0.8748, 0.702585 
0.8752, 0.701995 
0.8756, 0.701405 
0.876, 0.700815 
0.8764, 0.700225 
0.8768, 0.699634 
0.8772, 0.699042 
0.8776, 0.698451 
0.878, 0.697859 
0.8784, 0.697266 
0.8788, 0.696674 
0.8792, 0.69608 
0.8796, 0.695487 
0.88, 0.694893 
0.8804, 0.694299 
0.8808, 0.693704 
0.8812, 0.693109 
0.8816, 0.692514 
0.882, 0.691918 
0.8824, 0.691322 
0.8828, 0.690725 
0.8832, 0.690128 
0.8836, 0.689531 
0.884, 0.688934 
0.8844, 0.688336 
0.8848, 0.687737 
0.8852, 0.687139 
0.8856, 0.686539 
0.886, 0.68594 
0.8864, 0.68534 
0.8868, 0.68474 
0.8872, 0.684139 
0.8876, 0.683538 
0.888, 0.682937 
0.8884, 0.682335 
0.8888, 0.681733 
0.8892, 0.681131 
0.8896, 0.680528 
0.89, 0.679925 
0.8904, 0.679321 
0.8908, 0.678717 
0.8912, 0.678113 
0.8916, 0.677508 
0.892, 0.676903 
0.8924, 0.676298 
0.8928, 0.675692 
0.8932, 0.675086 
0.8936, 0.674479 
0.894, 0.673872 
0.8944, 0.673265 
0.8948, 0.672658 
0.8952, 0.67205 
0.8956, 0.671441 
0.896, 0.670832 
0.8964, 0.670223 
0.8968, 0.669614 
0.8972, 0.669004 
0.8976, 0.668394 
0.898, 0.667783 
0.8984, 0.667172 
0.8988, 0.666561 
0.8992, 0.665949 
0.8996, 0.665337 
0.9, 0.664724 
0.9004, 0.664111 
0.9008, 0.663498 
0.9012, 0.662885 
0.9016, 0.662271 
0.902, 0.661656 
0.9024, 0.661042 
0.9028, 0.660427 
0.9032, 0.659811 
0.9036, 0.659195 
0.904, 0.658579 
0.9044, 0.657963 
0.9048, 0.657346 
0.9052, 0.656728 
0.9056, 0.656111 
0.906, 0.655493 
0.9064, 0.654874 
0.9068, 0.654255 
0.9072, 0.653636 
0.9076, 0.653017 
0.908, 0.652397 
0.9084, 0.651777 
0.9088, 0.651156 
0.9092, 0.650535 
0.9096, 0.649913 
0.91, 0.649292 
0.9104, 0.64867 
0.9108, 0.648047 
0.9112, 0.647424 
0.9116, 0.646801 
0.912, 0.646177 
0.9124, 0.645553 
0.9128, 0.644929 
0.9132, 0.644304 
0.9136, 0.643679 
0.914, 0.643054 
0.9144, 0.642428 
0.9148, 0.641802 
0.9152, 0.641175 
0.9156, 0.640548 
0.916, 0.639921 
0.9164, 0.639293 
0.9168, 0.638665 
0.9172, 0.638037 
0.9176, 0.637408 
0.918, 0.636779 
0.9184, 0.636149 
0.9188, 0.635519 
0.9192, 0.634889 
0.9196, 0.634258 
0.92, 0.633627 
0.9204, 0.632996 
0.9208, 0.632364 
0.9212, 0.631732 
0.9216, 0.631099 
0.922, 0.630467 
0.9224, 0.629833 
0.9228, 0.6292 
0.9232, 0.628566 
0.9236, 0.627931 
0.924, 0.627297 
0.9244, 0.626662 
0.9248, 0.626026 
0.9252, 0.62539 
0.9256, 0.624754 
0.926, 0.624117 
0.9264, 0.62348 
0.9268, 0.622843 
0.9272, 0.622205 
0.9276, 0.621567 
0.928, 0.620929 
0.9284, 0.62029 
0.9288, 0.619651 
0.9292, 0.619011 
0.9296, 0.618371 
0.93, 0.617731 
0.9304, 0.617091 
0.9308, 0.616449 
0.9312, 0.615808 
0.9316, 0.615166 
0.932, 0.614524 
0.9324, 0.613882 
0.9328, 0.613239 
0.9332, 0.612596 
0.9336, 0.611952 
0.934, 0.611308 
0.9344, 0.610664 
0.9348, 0.610019 
0.9352, 0.609374 
0.9356, 0.608728 
0.936, 0.608082 
0.9364, 0.607436 
0.9368, 0.60679 
0.9372, 0.606143 
0.9376, 0.605495 
0.938, 0.604848 
0.9384, 0.6042 
0.9388, 0.603551 
0.9392, 0.602902 
0.9396, 0.602253 
0.94, 0.601604 
0.9404, 0.600954 
0.9408, 0.600304 
0.9412, 0.599653 
0.9416, 0.599002 
0.942, 0.598351 
0.9424, 0.597699 
0.9428, 0.597047 
0.9432, 0.596394 
0.9436, 0.595741 
0.944, 0.595088 
0.9444, 0.594434 
0.9448, 0.59378 
0.9452, 0.593126 
0.9456, 0.592471 
0.946, 0.591816 
0.9464, 0.591161 
0.9468, 0.590505 
0.9472, 0.589849 
0.9476, 0.589192 
0.948, 0.588535 
0.9484, 0.587878 
0.9488, 0.58722 
0.9492, 0.586562 
0.9496, 0.585904 
0.95, 0.585245 
0.9504, 0.584586 
0.9508, 0.583927 
0.9512, 0.583267 
0.9516, 0.582607 
0.952, 0.581946 
0.9524, 0.581285 
0.9528, 0.580624 
0.9532, 0.579962 
0.9536, 0.5793 
0.954, 0.578637 
0.9544, 0.577974 
0.9548, 0.577311 
0.9552, 0.576648 
0.9556, 0.575984 
0.956, 0.575319 
0.9564, 0.574655 
0.9568, 0.57399 
0.9572, 0.573324 
0.9576, 0.572659 
0.958, 0.571992 
0.9584, 0.571326 
0.9588, 0.570659 
0.9592, 0.569992 
0.9596, 0.569324 
0.96, 0.568656 
0.9604, 0.567988 
0.9608, 0.567319 
0.9612, 0.56665 
0.9616, 0.56598 
0.962, 0.565311 
0.9624, 0.56464 
0.9628, 0.56397 
0.9632, 0.563299 
0.9636, 0.562628 
0.964, 0.561956 
0.9644, 0.561284 
0.9648, 0.560611 
0.9652, 0.559939 
0.9656, 0.559266 
0.966, 0.558592 
0.9664, 0.557918 
0.9668, 0.557244 
0.9672, 0.556569 
0.9676, 0.555894 
0.968, 0.555219 
0.9684, 0.554543 
0.9688, 0.553867 
0.9692, 0.553191 
0.9696, 0.552514 
0.97, 0.551837 
0.9704, 0.551159 
0.9708, 0.550481 
0.9712, 0.549803 
0.9716, 0.549124 
0.972, 0.548445 
0.9724, 0.547766 
0.9728, 0.547086 
0.9732, 0.546406 
0.9736, 0.545725 
0.974, 0.545044 
0.9744, 0.544363 
0.9748, 0.543682 
0.9752, 0.543 
0.9756, 0.542317 
0.976, 0.541635 
0.9764, 0.540951 
0.9768, 0.540268 
0.9772, 0.539584 
0.9776, 0.5389 
0.978, 0.538215 
0.9784, 0.537531 
0.9788, 0.536845 
0.9792, 0.53616 
0.9796, 0.535474 
0.98, 0.534787 
0.9804, 0.5341 
0.9808, 0.533413 
0.9812, 0.532726 
0.9816, 0.532038 
0.982, 0.53135 
0.9824, 0.530661 
0.9828, 0.529972 
0.9832, 0.529283 
0.9836, 0.528593 
0.984, 0.527903 
0.9844, 0.527213 
0.9848, 0.526522 
0.9852, 0.525831 
0.9856, 0.525139 
0.986, 0.524447 
0.9864, 0.523755 
0.9868, 0.523062 
0.9872, 0.522369 
0.9876, 0.521676 
0.988, 0.520982 
0.9884, 0.520288 
0.9888, 0.519594 
0.9892, 0.518899 
0.9896, 0.518204 
0.99, 0.517508 
0.9904, 0.516812 
0.9908, 0.516116 
0.9912, 0.515419 
0.9916, 0.514722 
0.992, 0.514025 
0.9924, 0.513327 
0.9928, 0.512629 
0.9932, 0.51193 
0.9936, 0.511232 
0.994, 0.510532 
0.9944, 0.509833 
0.9948, 0.509133 
0.9952, 0.508432 
0.9956, 0.507732 
0.996, 0.507031 
0.9964, 0.506329 
0.9968, 0.505628 
0.9972, 0.504925 
0.9976, 0.504223 
0.998, 0.50352 
0.9984, 0.502817 
0.9988, 0.502113 
0.9992, 0.501409 
0.9996, 0.500705 
