0.0, 1.7706794829764547 
0.0005, 1.7712988729502142 
0.001, 1.7719159004888163 
0.0015, 1.7725305670486864 
0.002, 1.7731428740846966 
0.0025, 1.7737528230501685 
0.003, 1.7743604153968713 
0.0035, 1.774965652575022 
0.004, 1.7755685360332838 
0.0045000000000000005, 1.7761690672187669 
0.005, 1.7767672475770282 
0.0055, 1.7773630785520687 
0.006, 1.7779565615863362 
0.006500000000000001, 1.7785476981207222 
0.007, 1.7791364895945638 
0.0075, 1.7797229374456407 
0.008, 1.7803070431101777 
0.0085, 1.7808888080228416 
0.009000000000000001, 1.7814682336167436 
0.0095, 1.782045321323436 
0.01, 1.782620072572913 
0.0105, 1.7831924887936128 
0.011, 1.7837625714124123 
0.0115, 1.7843303218546316 
0.012, 1.7848957415440299 
0.0125, 1.7854588319028082 
0.013000000000000001, 1.786019594351607 
0.0135, 1.7865780303095065 
0.014, 1.7871341411940262 
0.0145, 1.7876879284211253 
0.015, 1.7882393934052008 
0.0155, 1.78878853755909 
0.016, 1.789335362294067 
0.0165, 1.789879869019845 
0.017, 1.790422059144574 
0.0175, 1.7909619340748413 
0.018000000000000002, 1.7914994952156715 
0.0185, 1.792034743970527 
0.019, 1.792567681741306 
0.0195, 1.7930983099283435 
0.02, 1.793626629930411 
0.0205, 1.7941526431447152 
0.021, 1.7946763509668986 
0.021500000000000002, 1.795197754791039 
0.022, 1.7957168560096504 
0.0225, 1.7962336560136807 
0.023, 1.796748156192514 
0.0235, 1.7972603579339679 
0.024, 1.7977702626242946 
0.0245, 1.7982778716481809 
0.025, 1.7987831863887478 
0.025500000000000002, 1.7992862082275498 
0.026000000000000002, 1.7997869385445746 
0.0265, 1.8002853787182453 
0.027, 1.8007815301254162 
0.0275, 1.8012753941413764 
0.028, 1.8017669721398475 
0.0285, 1.8022562654929843 
0.029, 1.8027432755713741 
0.029500000000000002, 1.803228003744037 
0.03, 1.8037104513784255 
0.0305, 1.804190619840424 
0.031, 1.8046685104943503 
0.0315, 1.805144124702954 
0.032, 1.8056174638274167 
0.0325, 1.8060885292273516 
0.033, 1.8065573222608045 
0.0335, 1.807023844284252 
0.034, 1.8074880966526035 
0.0345, 1.8079500807191993 
0.035, 1.8084097978358114 
0.035500000000000004, 1.8088672493526436 
0.036000000000000004, 1.8093224366183298 
0.0365, 1.8097753609799367 
0.037, 1.8102260237829628 
0.0375, 1.8106744263713352 
0.038, 1.811120570087415 
0.0385, 1.8115644562719928 
0.039, 1.8120060862642906 
0.0395, 1.8124454614019614 
0.04, 1.8128825830210893 
0.0405, 1.8133174524561895 
0.041, 1.8137500710402081 
0.0415, 1.8141804401045225 
0.042, 1.8146085609789404 
0.0425, 1.8150344349917016 
0.043000000000000003, 1.815458063469476 
0.043500000000000004, 1.8158794477373643 
0.044, 1.8162985891188987 
0.0445, 1.8167154889360417 
0.045, 1.8171301485091882 
0.0455, 1.8175425691571627 
0.046, 1.8179527521972214 
0.0465, 1.818360698945051 
0.047, 1.8187664107147703 
0.0475, 1.8191698888189287 
0.048, 1.8195711345685068 
0.0485, 1.8199701492729163 
0.049, 1.8203669342400013 
0.0495, 1.8207614907760363 
0.05, 1.821153820185728 
0.0505, 1.8215439237722135 
0.051000000000000004, 1.8219318028370624 
0.051500000000000004, 1.822317458680275 
0.052000000000000005, 1.8227008926002841 
0.0525, 1.8230821058939544 
0.053, 1.8234610998565826 
0.0535, 1.8238378757818974 
0.054, 1.8242124349620585 
0.0545, 1.82458477868766 
0.055, 1.8249549082477254 
0.0555, 1.8253228249297138 
0.056, 1.8256885300195145 
0.0565, 1.826052024801451 
0.057, 1.8264133105582778 
0.0575, 1.8267723885711842 
0.058, 1.8271292601197908 
0.0585, 1.8274839264821532 
0.059000000000000004, 1.827836388934759 
0.059500000000000004, 1.82818664875253 
0.06, 1.8285347072088212 
0.0605, 1.8288805655754214 
0.061, 1.8292242251225534 
0.0615, 1.8295656871188744 
0.062, 1.829904952831475 
0.0625, 1.8302420235258805 
0.063, 1.8305769004660517 
0.0635, 1.8309095849143828 
0.064, 1.8312400781317035 
0.0645, 1.831568381377279 
0.065, 1.8318944959088088 
0.0655, 1.8322184229824292 
0.066, 1.8325401638527112 
0.0665, 1.832859719772662 
0.067, 1.8331770919937247 
0.0675, 1.8334922817657788 
0.068, 1.8338052903371405 
0.0685, 1.8341161189545616 
0.069, 1.834424768863232 
0.0695, 1.8347312413067787 
0.07, 1.8350355375272653 
0.07050000000000001, 1.835337658765194 
0.07100000000000001, 1.8356376062595032 
0.07150000000000001, 1.83593538124757 
0.07200000000000001, 1.8362309849652108 
0.0725, 1.8365244186466794 
0.073, 1.8368156835246685 
0.0735, 1.8371047808303103 
0.074, 1.8373917117931757 
0.0745, 1.837676477641275 
0.075, 1.8379590796010588 
0.0755, 1.8382395188974163 
0.076, 1.8385177967536794 
0.0765, 1.8387939143916183 
0.077, 1.839067873031445 
0.0775, 1.839339673891812 
0.078, 1.8396093181898139 
0.0785, 1.8398768071409868 
0.079, 1.8401421419593076 
0.0795, 1.8404053238571971 
0.08, 1.840666354045517 
0.0805, 1.8409252337335733 
0.081, 1.8411819641291136 
0.0815, 1.8414365464383295 
0.082, 1.8416889818658566 
0.0825, 1.8419392716147742 
0.083, 1.8421874168866053 
0.0835, 1.8424334188813183 
0.084, 1.8426772787973258 
0.0845, 1.8429189978314864 
0.085, 1.843158577179104 
0.0855, 1.8433960180339275 
0.08600000000000001, 1.8436313215881528 
0.08650000000000001, 1.843864489032422 
0.08700000000000001, 1.8440955215558246 
0.08750000000000001, 1.8443244203458962 
0.088, 1.8445511865886206 
0.0885, 1.8447758214684291 
0.089, 1.8449983261682017 
0.0895, 1.8452187018692672 
0.09, 1.8454369497514023 
0.0905, 1.8456530709928338 
0.091, 1.8458670667702375 
0.0915, 1.8460789382587395 
0.092, 1.8462886866319153 
0.0925, 1.8464963130617922 
0.093, 1.8467018187188478 
0.0935, 1.8469052047720114 
0.094, 1.8471064723886643 
0.0945, 1.8473056227346398 
0.095, 1.8475026569742226 
0.0955, 1.8476975762701522 
0.096, 1.8478903817836199 
0.0965, 1.8480810746742722 
0.097, 1.848269656100208 
0.0975, 1.8484561272179816 
0.098, 1.8486404891826016 
0.0985, 1.8488227431475326 
0.099, 1.8490028902646936 
0.0995, 1.8491809316844607 
0.1, 1.8493568685556663 
0.1005, 1.849530702025599 
0.101, 1.8497024332400045 
0.1015, 1.8498720633430867 
0.10200000000000001, 1.8500395934775078 
0.10250000000000001, 1.8502050247843878 
0.10300000000000001, 1.8503683584033057 
0.10350000000000001, 1.8505295954723011 
0.10400000000000001, 1.850688737127871 
0.1045, 1.8508457845049753 
0.105, 1.8510007387370315 
0.1055, 1.8511536009559206 
0.106, 1.8513043722919833 
0.1065, 1.8514530538740237 
0.107, 1.851599646829306 
0.1075, 1.8517441522835592 
0.108, 1.851886571360975 
0.1085, 1.8520269051842084 
0.109, 1.8521651548743785 
0.1095, 1.852301321551069 
0.11, 1.852435406332329 
0.1105, 1.852567410334672 
0.111, 1.8526973346730782 
0.1115, 1.8528251804609939 
0.112, 1.852950948810332 
0.1125, 1.853074640831473 
0.113, 1.8531962576332655 
0.1135, 1.853315800323025 
0.114, 1.853433270006537 
0.1145, 1.8535486677880555 
0.115, 1.8536619947703037 
0.1155, 1.8537732520544754 
0.116, 1.8538824407402354 
0.1165, 1.8539895619257187 
0.117, 1.854094616707532 
0.11750000000000001, 1.8541976061807541 
0.11800000000000001, 1.854298531438936 
0.11850000000000001, 1.8543973935741023 
0.11900000000000001, 1.85449419367675 
0.11950000000000001, 1.8545889328358514 
0.12, 1.8546816121388519 
0.1205, 1.8547722326716727 
0.121, 1.8548607955187095 
0.1215, 1.854947301762834 
0.122, 1.8550317524853948 
0.1225, 1.8551141487662184 
0.123, 1.8551944916836067 
0.1235, 1.8552727823143411 
0.124, 1.855349021733681 
0.1245, 1.8554232110153643 
0.125, 1.855495351231609 
0.1255, 1.8555654434531128 
0.126, 1.8556334887490533 
0.1265, 1.855699488187089 
0.127, 1.8557634428333607 
0.1275, 1.8558253537524916 
0.128, 1.8558852220075863 
0.1285, 1.8559430486602335 
0.129, 1.8559988347705048 
0.1295, 1.8560525813969568 
0.13, 1.8561042895966304 
0.1305, 1.8561539604250505 
0.131, 1.8562015949362292 
0.1315, 1.8562471941826648 
0.132, 1.8562907592153413 
0.1325, 1.856332291083731 
0.133, 1.856371790835794 
0.1335, 1.8564092595179789 
0.134, 1.8564446981752227 
0.1345, 1.8564781078509527 
0.135, 1.8565094895870855 
0.1355, 1.856538844424029 
0.136, 1.8565661734006813 
0.1365, 1.8565914775544332 
0.137, 1.8566147579211676 
0.1375, 1.8566360155352588 
0.138, 1.8566552514295767 
0.1385, 1.8566724666354832 
0.139, 1.856687662182836 
0.1395, 1.8567008390999877 
0.14, 1.856711998413786 
0.1405, 1.8567211411495754 
0.14100000000000001, 1.8567282683311963 
0.14150000000000001, 1.8567333809809874 
0.14200000000000002, 1.856736480119784 
0.14250000000000002, 1.8567375667669221 
0.14300000000000002, 1.8567366419402345 
0.14350000000000002, 1.8567337066560547 
0.14400000000000002, 1.8567287619292157 
0.1445, 1.856721808773051 
0.145, 1.8567128481993977 
0.1455, 1.8567018812185916 
0.146, 1.8566889088394727 
0.1465, 1.8566739320693841 
0.147, 1.8566569519141725 
0.1475, 1.8566379693781885 
0.148, 1.8566169854642878 
0.1485, 1.856594001173831 
0.149, 1.8565690175066858 
0.1495, 1.8565420354612252 
0.15, 1.8565130560343301 
0.1505, 1.8564820802213897 
0.151, 1.8564491090163004 
0.1515, 1.8564141434114676 
0.152, 1.8563771843978079 
0.1525, 1.8563382329647458 
0.153, 1.8562972901002182 
0.1535, 1.8562543567906729 
0.154, 1.85620943402107 
0.1545, 1.8561625227748815 
0.155, 1.856113624034093 
0.1555, 1.8560627387792037 
0.156, 1.856009867989227 
0.1565, 1.855955012641691 
0.157, 1.8558981737126405 
0.1575, 1.8558393521766363 
0.158, 1.855778549006755 
0.1585, 1.8557157651745917 
0.159, 1.855651001650258 
0.1595, 1.8555842594023866 
0.16, 1.8555155393981275 
0.1605, 1.855444842603152 
0.161, 1.8553721699816506 
0.1615, 1.8552975224963348 
0.162, 1.8552209011084395 
0.1625, 1.8551423067777204 
0.163, 1.8550617404624572 
0.1635, 1.854979203119453 
0.164, 1.854894695704035 
0.1645, 1.8548082191700557 
0.165, 1.8547197744698924 
0.1655, 1.8546293625544483 
0.166, 1.8545369843731545 
0.1665, 1.8544426408739687 
0.167, 1.854346333003377 
0.1675, 1.8542480617063943 
0.168, 1.854147827926564 
0.1685, 1.8540456326059607 
0.169, 1.8539414766851876 
0.1695, 1.853835361103381 
0.17, 1.8537272867982084 
0.1705, 1.85361725470587 
0.171, 1.8535052657610986 
0.1715, 1.853391320897161 
0.17200000000000001, 1.8532754210458586 
0.17250000000000001, 1.853157567137527 
0.17300000000000001, 1.853037760101039 
0.17350000000000002, 1.8529160008638024 
0.17400000000000002, 1.8527922903517617 
0.17450000000000002, 1.8526666294894008 
0.17500000000000002, 1.8525390191997406 
0.17550000000000002, 1.8524094604043415 
0.176, 1.852277954023303 
0.1765, 1.8521445009752648 
0.177, 1.8520091021774077 
0.1775, 1.851871758545454 
0.178, 1.8517324709936678 
0.1785, 1.851591240434857 
0.179, 1.8514480677803724 
0.1795, 1.8513029539401082 
0.18, 1.8511558998225048 
0.1805, 1.8510069063345473 
0.181, 1.8508559743817665 
0.1815, 1.8507031048682405 
0.182, 1.8505482986965944 
0.1825, 1.8503915567680025 
0.183, 1.8502328799821868 
0.1835, 1.850072269237419 
0.184, 1.8499097254305203 
0.1845, 1.849745249456865 
0.185, 1.849578842210375 
0.1855, 1.8494105045835276 
0.186, 1.8492402374673511 
0.1865, 1.849068041751428 
0.187, 1.8488939183238937 
0.1875, 1.8487178680714398 
0.188, 1.848539891879312 
0.1885, 1.8483599906313128 
0.189, 1.8481781652098017 
0.1895, 1.8479944164956956 
0.19, 1.8478087453684688 
0.1905, 1.8476211527061546 
0.191, 1.8474316393853458 
0.1915, 1.8472402062811946 
0.192, 1.847046854267416 
0.1925, 1.8468515842162843 
0.193, 1.8466543969986366 
0.1935, 1.846455293483873 
0.194, 1.8462542745399575 
0.1945, 1.8460513410334176 
0.195, 1.8458464938293453 
0.1955, 1.8456397337913995 
0.196, 1.8454310617818033 
0.1965, 1.8452204786613486 
0.197, 1.845007985289394 
0.1975, 1.8447935825238657 
0.198, 1.8445772712212598 
0.1985, 1.8443590522366415 
0.199, 1.8441389264236472 
0.1995, 1.8439168946344826 
0.2, 1.8436929577199264 
0.2005, 1.8434671165293288 
0.201, 1.843239371910614 
0.2015, 1.8430097247102784 
0.202, 1.842778175773394 
0.2025, 1.8425447259436076 
0.203, 1.8423093760631422 
0.20350000000000001, 1.8420721269727962 
0.20400000000000001, 1.8418329795119455 
0.20450000000000002, 1.8415919345185445 
0.20500000000000002, 1.8413489928291251 
0.20550000000000002, 1.8411041552787988 
0.20600000000000002, 1.8408574227012582 
0.20650000000000002, 1.840608795928774 
0.20700000000000002, 1.8403582757922003 
0.20750000000000002, 1.8401058631209728 
0.20800000000000002, 1.839851558743109 
0.2085, 1.8395953634852105 
0.209, 1.8393372781724624 
0.2095, 1.8390773036286352 
0.21, 1.838815440676084 
0.2105, 1.8385516901357501 
0.211, 1.8382860528271632 
0.2115, 1.8380185295684384 
0.212, 1.8377491211762802 
0.2125, 1.8374778284659814 
0.213, 1.8372046522514247 
0.2135, 1.8369295933450838 
0.214, 1.8366526525580218 
0.2145, 1.8363738306998947 
0.215, 1.8360931285789506 
0.2155, 1.8358105470020307 
0.216, 1.8355260867745704 
0.2165, 1.8352397487005985 
0.217, 1.8349515335827395 
0.2175, 1.8346614422222145 
0.218, 1.8343694754188404 
0.2185, 1.8340756339710325 
0.219, 1.8337799186758024 
0.2195, 1.8334823303287608 
0.22, 1.8331828697241184 
0.2205, 1.8328815376546856 
0.221, 1.832578334911874 
0.2215, 1.832273262285697 
0.222, 1.8319663205647694 
0.2225, 1.8316575105363087 
0.223, 1.8313468329861369 
0.2235, 1.8310342886986795 
0.224, 1.8307198784569678 
0.2245, 1.830403603042639 
0.225, 1.8300854632359354 
0.2255, 1.829765459815707 
0.226, 1.8294435935594118 
0.2265, 1.829119865243117 
0.227, 1.8287942756414979 
0.2275, 1.8284668255278405 
0.228, 1.8281375156740411 
0.2285, 1.827806346850608 
0.229, 1.8274733198266606 
0.2295, 1.8271384353699323 
0.23, 1.826801694246769 
0.2305, 1.8264630972221307 
0.231, 1.826122645059593 
0.2315, 1.825780338521347 
0.232, 1.8254361783681992 
0.2325, 1.8250901653595744 
0.233, 1.8247423002535137 
0.2335, 1.8243925838066777 
0.234, 1.8240410167743462 
0.23450000000000001, 1.8236875999104187 
0.23500000000000001, 1.8233323339674157 
0.23550000000000001, 1.822975219696478 
0.23600000000000002, 1.8226162578473684 
0.23650000000000002, 1.8222554491684733 
0.23700000000000002, 1.8218927944068017 
0.23750000000000002, 1.821528294307988 
0.23800000000000002, 1.82116194961629 
0.23850000000000002, 1.8207937610745915 
0.23900000000000002, 1.8204237294244026 
0.23950000000000002, 1.8200518554058602 
0.24, 1.8196781397577295 
0.2405, 1.8193025832174037 
0.241, 1.818925186520905 
0.2415, 1.8185459504028851 
0.242, 1.8181648755966267 
0.2425, 1.8177819628340433 
0.243, 1.8173972128456817 
0.2435, 1.81701062636072 
0.244, 1.8166222041069697 
0.2445, 1.816231946810877 
0.245, 1.8158398551975217 
0.2455, 1.815445929990621 
0.246, 1.8150501719125272 
0.2465, 1.8146525816842294 
0.247, 1.8142531600253546 
0.2475, 1.8138519076541684 
0.248, 1.813448825287575 
0.2485, 1.8130439136411187 
0.249, 1.812637173428985 
0.2495, 1.8122286053639987 
0.25, 1.811818210157628 
0.2505, 1.8114059885199834 
0.251, 1.810991941159819 
0.2515, 1.810576068784533 
0.252, 1.8101583721001675 
0.2525, 1.8097388518114115 
0.253, 1.8093175086215982 
0.2535, 1.8088943432327094 
0.254, 1.8084693563453738 
0.2545, 1.808042548658869 
0.255, 1.807613920871121 
0.2555, 1.8071834736787067 
0.256, 1.806751207776852 
0.2565, 1.8063171238594347 
0.257, 1.8058812226189849 
0.2575, 1.8054435047466844 
0.258, 1.8050039709323689 
0.2585, 1.8045626218645285 
0.259, 1.804119458230308 
0.2595, 1.803674480715507 
0.26, 1.803227690004582 
0.2605, 1.8027790867806464 
0.261, 1.8023286717254705 
0.2615, 1.8018764455194836 
0.262, 1.8014224088417738 
0.2625, 1.8009665623700886 
0.263, 1.8005089067808369 
0.2635, 1.8000494427490876 
0.264, 1.7995881709485726 
0.2645, 1.7991250920516864 
0.265, 1.7986602067294855 
0.2655, 1.7981935156516915 
0.266, 1.7977250194866916 
0.2665, 1.7972547189015367 
0.267, 1.7967826145619452 
0.2675, 1.7963087071323014 
0.268, 1.795832997275658 
0.2685, 1.7953554856537348 
0.269, 1.7948761729269234 
0.2695, 1.7943950597542817 
0.27, 1.7939121467935402 
0.2705, 1.7934274347011003 
0.271, 1.7929409241320342 
0.2715, 1.7924526157400877 
0.272, 1.7919625101776804 
0.2725, 1.7914706080959055 
0.273, 1.7909769101445305 
0.2735, 1.790481416971999 
0.274, 1.7899841292254295 
0.2745, 1.789485047550619 
0.275, 1.7889841725920408 
0.2755, 1.788481504992847 
0.276, 1.787977045394869 
0.2765, 1.787470794438617 
0.277, 1.7869627527632823 
0.2775, 1.7864529210067377 
0.278, 1.7859412998055375 
0.2785, 1.7854278897949185 
0.279, 1.7849126916088007 
0.2795, 1.7843957058797884 
0.28, 1.7838769332391706 
0.2805, 1.7833563743169214 
0.281, 1.782834029741701 
0.28150000000000003, 1.7823099001408558 
0.28200000000000003, 1.7817839861404217 
0.28250000000000003, 1.781256288365121 
0.28300000000000003, 1.7807268074383664 
0.28350000000000003, 1.7801955439822583 
0.28400000000000003, 1.77966249861759 
0.28450000000000003, 1.7791276719638436 
0.28500000000000003, 1.7785910646391945 
0.28550000000000003, 1.7780526772605096 
0.28600000000000003, 1.7775125104433496 
0.28650000000000003, 1.7769705648019696 
0.28700000000000003, 1.776426840949318 
0.28750000000000003, 1.7758813394970399 
0.28800000000000003, 1.7753340610554753 
0.2885, 1.774785006233662 
0.289, 1.7742341756393345 
0.2895, 1.7736815698789261 
0.29, 1.773127189557568 
0.2905, 1.7725710352790918 
0.291, 1.7720131076460293 
0.2915, 1.7714534072596129 
0.292, 1.770891934719777 
0.2925, 1.770328690625159 
0.293, 1.7697636755730977 
0.2935, 1.7691968901596375 
0.294, 1.7686283349795273 
0.2945, 1.7680580106262198 
0.295, 1.7674859176918742 
0.2955, 1.766912056767357 
0.296, 1.766336428442242 
0.2965, 1.76575903330481 
0.297, 1.7651798719420513 
0.2975, 1.7645989449396655 
0.298, 1.764016252882063 
0.2985, 1.7634317963523642 
0.299, 1.7628455759324018 
0.2995, 1.7622575922027197 
0.3, 1.761667845742576 
0.3005, 1.7610763371299423 
0.301, 1.7604830669415041 
0.3015, 1.7598880357526618 
0.302, 1.7592912441375326 
0.3025, 1.7586926926689483 
0.303, 1.75809238191846 
0.3035, 1.7574903124563352 
0.304, 1.7568864848515608 
0.3045, 1.756280899671843 
0.305, 1.755673557483607 
0.3055, 1.755064458852 
0.306, 1.7544536043408896 
0.3065, 1.7538409945128661 
0.307, 1.7532266299292427 
0.3075, 1.7526105111500554 
0.308, 1.7519926387340652 
0.3085, 1.7513730132387573 
0.309, 1.7507516352203432 
0.3095, 1.7501285052337598 
0.31, 1.7495036238326716 
0.3105, 1.7488769915694706 
0.311, 1.7482486089952776 
0.3115, 1.7476184766599419 
0.312, 1.7469865951120425 
0.3125, 1.7463529648988891 
0.313, 1.7457175865665224 
0.3135, 1.745080460659715 
0.314, 1.7444415877219726 
0.3145, 1.7438009682955333 
0.315, 1.74315860292137 
0.3155, 1.7425144921391889 
0.316, 1.7418686364874336 
0.3165, 1.7412210365032816 
0.317, 1.7405716927226482 
0.3175, 1.7399206056801857 
0.318, 1.7392677759092852 
0.3185, 1.7386132039420765 
0.319, 1.737956890309428 
0.3195, 1.7372988355409493 
0.32, 1.7366390401649898 
0.3205, 1.7359775047086408 
0.321, 1.7353142296977362 
0.3215, 1.734649215656853 
0.322, 1.733982463109311 
0.3225, 1.7333139725771751 
0.323, 1.7326437445812548 
0.3235, 1.731971779641106 
0.324, 1.7312980782750298 
0.3245, 1.7306226410000751 
0.325, 1.7299454683320383 
0.3255, 1.7292665607854651 
0.326, 1.728585918873649 
0.3265, 1.727903543108634 
0.327, 1.7272194340012152 
0.3275, 1.7265335920609384 
0.328, 1.7258460177961004 
0.3285, 1.7251567117137516 
0.329, 1.7244656743196947 
0.3295, 1.7237729061184877 
0.33, 1.7230784076134422 
0.3305, 1.7223821793066256 
0.331, 1.7216842216988608 
0.3315, 1.7209845352897273 
0.332, 1.7202831205775628 
0.3325, 1.7195799780594623 
0.333, 1.71887510823128 
0.3335, 1.7181685115876295 
0.334, 1.717460188621883 
0.3345, 1.7167501398261753 
0.335, 1.7160383656914027 
0.3355, 1.7153248667072223 
0.336, 1.714609643362055 
0.3365, 1.713892696143084 
0.337, 1.7131740255362575 
0.3375, 1.712453632026289 
0.338, 1.7117315160966573 
0.3385, 1.711007678229607 
0.339, 1.7102821189061497 
0.3395, 1.7095548386060644 
0.34, 1.7088258378078982 
0.3405, 1.708095116988968 
0.341, 1.7073626766253591 
0.3415, 1.7066285171919278 
0.342, 1.7058926391623 
0.3425, 1.705155043008875 
0.343, 1.7044157292028248 
0.3435, 1.7036746982140922 
0.34400000000000003, 1.7029319505113945 
0.34450000000000003, 1.7021874865622233 
0.34500000000000003, 1.7014413068328458 
0.34550000000000003, 1.7006934117883037 
0.34600000000000003, 1.6999438018924162 
0.34650000000000003, 1.6991924776077787 
0.34700000000000003, 1.6984394393957647 
0.34750000000000003, 1.6976846877165261 
0.34800000000000003, 1.6969282230289933 
0.34850000000000003, 1.6961700457908768 
0.34900000000000003, 1.6954101564586672 
0.34950000000000003, 1.6946485554876358 
0.35000000000000003, 1.6938852433318363 
0.35050000000000003, 1.6931202204441038 
0.35100000000000003, 1.692353487276057 
0.35150000000000003, 1.6915850442780984 
0.352, 1.6908148918994144 
0.3525, 1.6900430305879768 
0.353, 1.689269460790543 
0.3535, 1.688494182952656 
0.354, 1.6877171975186473 
0.3545, 1.6869385049316348 
0.355, 1.6861581056335244 
0.3555, 1.6853760000650122 
0.356, 1.6845921886655835 
0.3565, 1.6838066718735138 
0.357, 1.6830194501258706 
0.3575, 1.682230523858511 
0.358, 1.6814398935060857 
0.3585, 1.6806475595020376 
0.359, 1.6798535222786048 
0.3595, 1.6790577822668182 
0.36, 1.6782603398965041 
0.3605, 1.677461195596285 
0.361, 1.6766603497935786 
0.3615, 1.6758578029145994 
0.362, 1.6750535553843604 
0.3625, 1.6742476076266728 
0.363, 1.673439960064146 
0.3635, 1.6726306131181894 
0.364, 1.6718195672090133 
0.3645, 1.6710068227556278 
0.365, 1.6701923801758443 
0.3655, 1.6693762398862777 
0.366, 1.6685584023023448 
0.3665, 1.6677388678382652 
0.367, 1.6669176369070642 
0.3675, 1.666094709920571 
0.368, 1.6652700872894202 
0.3685, 1.6644437694230523 
0.369, 1.6636157567297154 
0.3695, 1.6627860496164644 
0.37, 1.661954648489162 
0.3705, 1.6611215537524795 
0.371, 1.6602867658098983 
0.3715, 1.65945028506371 
0.372, 1.6586121119150157 
0.3725, 1.6577722467637286 
0.373, 1.6569306900085734 
0.3735, 1.6560874420470877 
0.374, 1.655242503275621 
0.3745, 1.6543958740893387 
0.375, 1.653547554882219 
0.3755, 1.6526975460470563 
0.376, 1.6518458479754607 
0.3765, 1.6509924610578586 
0.377, 1.650137385683493 
0.3775, 1.6492806222404255 
0.378, 1.6484221711155365 
0.3785, 1.6475620326945233 
0.379, 1.6467002073619055 
0.3795, 1.6458366955010209 
0.38, 1.6449714974940295 
0.3805, 1.6441046137219115 
0.381, 1.6432360445644707 
0.3815, 1.6423657904003335 
0.382, 1.6414938516069495 
0.3825, 1.6406202285605929 
0.383, 1.6397449216363618 
0.3835, 1.6388679312081806 
0.384, 1.6379892576487984 
0.3845, 1.637108901329793 
0.385, 1.6362268626215672 
0.3855, 1.6353431418933537 
0.386, 1.6344577395132127 
0.3865, 1.6335706558480347 
0.387, 1.6326818912635392 
0.3875, 1.6317914461242764 
0.388, 1.630899320793627 
0.3885, 1.6300055156338051 
0.389, 1.6291100310058555 
0.3895, 1.628212867269656 
0.39, 1.6273140247839204 
0.3905, 1.6264135039061935 
0.391, 1.6255113049928576 
0.3915, 1.6246074283991288 
0.392, 1.62370187447906 
0.3925, 1.6227946435855412 
0.393, 1.6218857360702996 
0.3935, 1.6209751522839007 
0.394, 1.6200628925757483 
0.3945, 1.6191489572940858 
0.395, 1.6182333467859955 
0.3955, 1.6173160613974016 
0.396, 1.6163971014730696 
0.3965, 1.615476467356605 
0.397, 1.6145541593904582 
0.3975, 1.6136301779159203 
0.398, 1.612704523273127 
0.3985, 1.611777195801059 
0.399, 1.6108481958375411 
0.3995, 1.6099175237192442 
0.4, 1.6089851797816843 
0.4005, 1.608051164359225 
0.401, 1.6071154777850771 
0.4015, 1.6061781203912995 
0.402, 1.6052390925087998 
0.4025, 1.6042983944673348 
0.403, 1.603356026595511 
0.4035, 1.6024119892207853 
0.404, 1.601466282669466 
0.4045, 1.6005189072667125 
0.405, 1.599569863336538 
0.4055, 1.5986191512018073 
0.406, 1.597666771184238 
0.40650000000000003, 1.596712723604404 
0.40700000000000003, 1.5957570087817325 
0.40750000000000003, 1.5947996270345075 
0.40800000000000003, 1.5938405786798664 
0.40850000000000003, 1.5928798640338067 
0.40900000000000003, 1.5919174834111796 
0.40950000000000003, 1.5909534371256964 
0.41000000000000003, 1.5899877254899266 
0.41050000000000003, 1.5890203488152976 
0.41100000000000003, 1.588051307412098 
0.41150000000000003, 1.5870806015894754 
0.41200000000000003, 1.5861082316554396 
0.41250000000000003, 1.5851341979168603 
0.41300000000000003, 1.5841585006794707 
0.41350000000000003, 1.583181140247866 
0.41400000000000003, 1.582202116925504 
0.41450000000000004, 1.5812214310147081 
0.41500000000000004, 1.5802390828166648 
0.41550000000000004, 1.5792550726314265 
0.41600000000000004, 1.578269400757911 
0.4165, 1.5772820674939032 
0.417, 1.5762930731360534 
0.4175, 1.5753024179798802 
0.418, 1.574310102319771 
0.4185, 1.5733161264489803 
0.419, 1.5723204906596338 
0.4195, 1.5713231952427256 
0.42, 1.5703242404881212 
0.4205, 1.5693236266845578 
0.421, 1.568321354119643 
0.4215, 1.5673174230798574 
0.422, 1.5663118338505542 
0.4225, 1.56530458671596 
0.423, 1.5642956819591767 
0.4235, 1.5632851198621793 
0.424, 1.562272900705819 
0.4245, 1.5612590247698224 
0.425, 1.5602434923327935 
0.4255, 1.5592263036722125 
0.426, 1.5582074590644375 
0.4265, 1.5571869587847051 
0.427, 1.5561648031071305 
0.4275, 1.5551409923047084 
0.428, 1.5541155266493134 
0.4285, 1.553088406411701 
0.429, 1.5520596318615074 
0.4295, 1.5510292032672517 
0.43, 1.5499971208963341 
0.4305, 1.548963385015039 
0.431, 1.5479279958885335 
0.4315, 1.5468909537808688 
0.432, 1.545852258954981 
0.4325, 1.5448119116726922 
0.433, 1.5437699121947097 
0.4335, 1.542726260780627 
0.434, 1.541680957688925 
0.4345, 1.5406340031769727 
0.435, 1.5395853975010274 
0.4355, 1.5385351409162347 
0.436, 1.5374832336766295 
0.4365, 1.5364296760351372 
0.437, 1.5353744682435733 
0.4375, 1.534317610552645 
0.438, 1.5332591032119511 
0.4385, 1.5321989464699821 
0.439, 1.5311371405741219 
0.4395, 1.5300736857706472 
0.44, 1.52900858230473 
0.4405, 1.5279418304204362 
0.441, 1.5268734303607268 
0.4415, 1.5258033823674588 
0.442, 1.5247316866813851 
0.4425, 1.5236583435421558 
0.443, 1.5225833531883186 
0.4435, 1.5215067158573192 
0.444, 1.520428431785502 
0.4445, 1.5193485012081105 
0.445, 1.518266924359288 
0.4455, 1.5171837014720784 
0.446, 1.5160988327784257 
0.4465, 1.5150123185091764 
0.447, 1.513924158894079 
0.4475, 1.5128343541617837 
0.448, 1.5117429045398447 
0.4485, 1.5106498102547192 
0.449, 1.5095550715317692 
0.4495, 1.5084586885952618 
0.45, 1.5073606616683692 
0.4505, 1.5062609909731703 
0.451, 1.5051596767306497 
0.4515, 1.5040567191607002 
0.452, 1.5029521184821215 
0.4525, 1.5018458749126218 
0.453, 1.5007379886688175 
0.4535, 1.4996284599662357 
0.454, 1.4985172890193121 
0.4545, 1.4974044760413938 
0.455, 1.4962900212447394 
0.4555, 1.4951739248405174 
0.456, 1.4940561870388107 
0.4565, 1.492936808048614 
0.457, 1.4918157880778349 
0.4575, 1.4906931273332953 
0.458, 1.4895688260207316 
0.4585, 1.4884428843447952 
0.459, 1.4873153025090522 
0.4595, 1.486186080715986 
0.46, 1.4850552191669966 
0.4605, 1.4839227180624008 
0.461, 1.4827885776014331 
0.4615, 1.4816527979822465 
0.462, 1.4805153794019126 
0.4625, 1.479376322056423 
0.463, 1.4782356261406884 
0.4635, 1.4770932918485404 
0.464, 1.4759493193727322 
0.4645, 1.4748037089049384 
0.465, 1.4736564606357558 
0.4655, 1.4725075747547036 
0.466, 1.4713570514502243 
0.4665, 1.4702048909096854 
0.467, 1.469051093319377 
0.4675, 1.4678956588645145 
0.468, 1.466738587729239 
0.4685, 1.4655798800966178 
0.46900000000000003, 1.4644195361486454 
0.46950000000000003, 1.463257556066242 
0.47000000000000003, 1.4620939400292565 
0.47050000000000003, 1.4609286882164652 
0.47100000000000003, 1.4597618008055742 
0.47150000000000003, 1.4585932779732178 
0.47200000000000003, 1.4574231198949605 
0.47250000000000003, 1.456251326745297 
0.47300000000000003, 1.4550778986976538 
0.47350000000000003, 1.4539028359243877 
0.47400000000000003, 1.452726138596788 
0.47450000000000003, 1.4515478068850758 
0.47500000000000003, 1.4503678409584069 
0.47550000000000003, 1.449186240984869 
0.47600000000000003, 1.4480030071314842 
0.47650000000000003, 1.4468181395642095 
0.47700000000000004, 1.4456316384479377 
0.47750000000000004, 1.4444435039464967 
0.47800000000000004, 1.4432537362226512 
0.47850000000000004, 1.4420623354381013 
0.47900000000000004, 1.440869301753486 
0.47950000000000004, 1.4396746353283816 
0.48, 1.4384783363213027 
0.4805, 1.4372804048897025 
0.481, 1.436080841189975 
0.4815, 1.4348796453774528 
0.482, 1.4336768176064099 
0.4825, 1.4324723580300605 
0.483, 1.4312662668005607 
0.4835, 1.4300585440690088 
0.484, 1.4288491899854456 
0.4845, 1.4276382046988556 
0.485, 1.4264255883571666 
0.4855, 1.4252113411072505 
0.486, 1.4239954630949239 
0.4865, 1.4227779544649488 
0.487, 1.421558815361033 
0.4875, 1.4203380459258308 
0.488, 1.4191156463009431 
0.4885, 1.417891616626918 
0.489, 1.4166659570432523 
0.4895, 1.4154386676883899 
0.49, 1.4142097486997245 
0.4905, 1.4129792002135995 
0.491, 1.411747022365307 
0.4915, 1.410513215289091 
0.492, 1.4092777791181468 
0.4925, 1.4080407139846196 
0.493, 1.4068020200196067 
0.4935, 1.4055616973531593 
0.494, 1.4043197461142811 
0.4945, 1.4030761664309295 
0.495, 1.4018309584300153 
0.4955, 1.4005841222374054 
0.496, 1.3993356579779208 
0.4965, 1.3980855657753382 
0.497, 1.3968338457523903 
0.4975, 1.3955804980307671 
0.498, 1.3943255227311155 
0.4985, 1.39306891997304 
0.499, 1.3918106898751028 
0.4995, 1.3905508325548257 
0.5, 1.3892893481286892 
0.5005000000000001, 1.3880262367121334 
0.501, 1.3867614984195598 
0.5015000000000001, 1.3854951333643295 
0.502, 1.3842271416587653 
0.5025000000000001, 1.3829575234141518 
0.503, 1.3816862787407356 
0.5035000000000001, 1.3804134077477261 
0.504, 1.3791389105432965 
0.5045000000000001, 1.377862787234584 
0.505, 1.376585037927689 
0.5055000000000001, 1.3753056627276772 
0.506, 1.3740246617385807 
0.5065000000000001, 1.3727420350633963 
0.507, 1.3714577828040864 
0.5075000000000001, 1.3701719050615822 
0.508, 1.3688844019357802 
0.5085000000000001, 1.3675952735255459 
0.509, 1.3663045199287134 
0.5095000000000001, 1.3650121412420848 
0.51, 1.3637181375614316 
0.5105000000000001, 1.3624225089814956 
0.511, 1.3611252555959887 
0.5115000000000001, 1.3598263774975936 
0.512, 1.3585258747779645 
0.5125, 1.3572237475277267 
0.513, 1.3559199958364787 
0.5135, 1.354614619792792 
0.514, 1.3533076194842102 
0.5145, 1.3519989949972513 
0.515, 1.3506887464174078 
0.5155, 1.3493768738291472 
0.516, 1.3480633773159116 
0.5165, 1.3467482569601192 
0.517, 1.3454315128431649 
0.5175, 1.344113145045419 
0.518, 1.3427931536462303 
0.5185, 1.3414715387239253 
0.519, 1.3401483003558083 
0.5195, 1.3388234386181623 
0.52, 1.3374969535862489 
0.5205, 1.3361688453343104 
0.521, 1.334839113935569 
0.5215, 1.3335077594622278 
0.522, 1.33217478198547 
0.5225, 1.330840181575462 
0.523, 1.329503958301351 
0.5235, 1.3281661122312673 
0.524, 1.3268266434323244 
0.5245, 1.32548555197062 
0.525, 1.3241428379112343 
0.5255, 1.3227985013182324 
0.526, 1.321452542254665 
0.5265, 1.320104960782568 
0.527, 1.3187557569629633 
0.5275, 1.3174049308558597 
0.528, 1.3160524825202526 
0.5285, 1.3146984120141245 
0.529, 1.3133427193944462 
0.5295, 1.3119854047171766 
0.53, 1.3106264680372637 
0.5305, 1.3092659094086452 
0.531, 1.3079037288842477 
0.5315, 1.3065399265159892 
0.532, 1.305174502354777 
0.5325, 1.3038074564505102 
0.533, 1.30243878885208 
0.5335, 1.30106849960737 
0.534, 1.2996965887632554 
0.5345, 1.2983230563656054 
0.535, 1.2969479024592827 
0.5355, 1.2955711270881443 
0.536, 1.2941927302950411 
0.5365, 1.2928127121218191 
0.537, 1.2914310726093199 
0.5375, 1.2900478117973817 
0.538, 1.288662929724838 
0.5385, 1.2872764264295198 
0.539, 1.2858883019482554 
0.5395, 1.2844985563168712 
0.54, 1.2831071895701913 
0.5405, 1.281714201742039 
0.541, 1.2803195928652364 
0.5415, 1.2789233629716055 
0.542, 1.2775255120919686 
0.5425, 1.2761260402561483 
0.543, 1.2747249474929683 
0.5435, 1.2733222338302546 
0.544, 1.2719178992948343 
0.5445, 1.2705119439125379 
0.545, 1.2691043677081972 
0.5455, 1.2676951707056499 
0.546, 1.2662843529277348 
0.5465, 1.2648719143962965 
0.547, 1.2634578551321847 
0.5475, 1.262042175155253 
0.548, 1.2606248744843622 
0.5485, 1.2592059531373787 
0.549, 1.2577854111311748 
0.5495, 1.2563632484816307 
0.55, 1.2549394652036336 
0.5505, 1.2535140613110791 
0.551, 1.2520870368168708 
0.5515, 1.2506583917329215 
0.552, 1.2492281260701534 
0.5525, 1.2477962398384983 
0.553, 1.2463627330468983 
0.5535, 1.2449276057033065 
0.554, 1.2434908578146864 
0.5545, 1.2420524893870137 
0.555, 1.2406125004252764 
0.5555, 1.2391708909334738 
0.556, 1.2377276609146195 
0.5565, 1.23628281037074 
0.557, 1.2348363393028756 
0.5575, 1.233388247711081 
0.558, 1.2319385355944255 
0.5585, 1.2304872029509935 
0.559, 1.2290342497778857 
0.5595, 1.227579676071218 
0.56, 1.226123481826124 
0.5605, 1.2246656670367528 
0.561, 1.223206231696272 
0.5615, 1.2217451757968667 
0.562, 1.2202824993297405 
0.5625, 1.218818202285116 
0.5630000000000001, 1.2173522846522342 
0.5635, 1.2158847464193567 
0.5640000000000001, 1.2144155875737648 
0.5645, 1.2129448081017598 
0.5650000000000001, 1.2114724079886645 
0.5655, 1.2099983872188234 
0.5660000000000001, 1.2085227457756025 
0.5665, 1.2070454836413897 
0.5670000000000001, 1.2055666007975963 
0.5675, 1.2040860972246565 
0.5680000000000001, 1.2026039729020284 
0.5685, 1.2011202278081936 
0.5690000000000001, 1.1996348619206583 
0.5695, 1.198147875215954 
0.5700000000000001, 1.196659267669637 
0.5705, 1.1951690392562901 
0.5710000000000001, 1.193677189949522 
0.5715, 1.1921837197219678 
0.5720000000000001, 1.1906886285452902 
0.5725, 1.1891919163901794 
0.5730000000000001, 1.187693583226353 
0.5735, 1.1861936290225572 
0.5740000000000001, 1.1846920537465675 
0.5745, 1.1831888573651879 
0.5750000000000001, 1.1816840398442532 
0.5755, 1.1801776011486274 
0.5760000000000001, 1.1786695412422052 
0.5765, 1.1771598600879125 
0.577, 1.1756485576477063 
0.5775, 1.1741356338825757 
0.578, 1.1726210887525426 
0.5785, 1.1711049222166605 
0.579, 1.1695871342330166 
0.5795, 1.1680677247587319 
0.58, 1.1665466937499611 
0.5805, 1.1650240411618928 
0.581, 1.1634997669487512 
0.5815, 1.1619738710637957 
0.582, 1.1604463534593208 
0.5825, 1.1589172140866577 
0.583, 1.157386452896174 
0.5835, 1.1558540698372741 
0.584, 1.1543200648584 
0.5845, 1.152784437907031 
0.585, 1.1512471889296851 
0.5855, 1.1497083178719185 
0.586, 1.1481678246783271 
0.5865, 1.1466257092925456 
0.587, 1.1450819716572487 
0.5875, 1.1435366117141519 
0.588, 1.1419896294040115 
0.5885, 1.1404410246666241 
0.589, 1.1388907974408289 
0.5895, 1.137338947664506 
0.59, 1.1357854752745786 
0.5905, 1.1342303802070124 
0.591, 1.1326736623968165 
0.5915, 1.1311153217780439 
0.592, 1.1295553582837914 
0.5925, 1.1279937718462003 
0.593, 1.1264305623964568 
0.5935, 1.1248657298647926 
0.594, 1.1232992741804846 
0.5945, 1.1217311952718565 
0.595, 1.1201614930662782 
0.5955, 1.1185901674901662 
0.596, 1.1170172184689853 
0.5965, 1.1154426459272475 
0.597, 1.1138664497885127 
0.5975, 1.1122886299753896 
0.598, 1.110709186409536 
0.5985, 1.109128119011659 
0.599, 1.107545427701516 
0.5995, 1.1059611123979138 
0.6, 1.1043751730187106 
0.6005, 1.1027876094808151 
0.601, 1.101198421700188 
0.6015, 1.0996076095918417 
0.602, 1.0980151730698402 
0.6025, 1.0964211120473006 
0.603, 1.0948254264363935 
0.6035, 1.0932281161483426 
0.604, 1.0916291810934253 
0.6045, 1.0900286211809738 
0.605, 1.0884264363193747 
0.6055, 1.0868226264160694 
0.606, 1.0852171913775548 
0.6065, 1.0836101311093842 
0.607, 1.0820014455161664 
0.6075, 1.0803911345015675 
0.608, 1.0787791979683108 
0.6085, 1.0771656358181765 
0.609, 1.0755504479520033 
0.6095, 1.0739336342696881 
0.61, 1.072315194670186 
0.6105, 1.0706951290515119 
0.611, 1.0690734373107393 
0.6115, 1.0674501193440025 
0.612, 1.0658251750464953 
0.6125, 1.0641986043124732 
0.613, 1.0625704070352513 
0.6135, 1.0609405831072072 
0.614, 1.0593091324197796 
0.6145, 1.0576760548634703 
0.615, 1.0560413503278432 
0.6155, 1.0544050187015257 
0.616, 1.0527670598722079 
0.6165, 1.0511274737266445 
0.617, 1.0494862601506536 
0.6175, 1.0478434190291184 
0.618, 1.0461989502459867 
0.6185, 1.0445528536842725 
0.619, 1.0429051292260545 
0.6195, 1.0412557767524786 
0.62, 1.039604796143757 
0.6205, 1.0379521872791682 
0.621, 1.0362979500370586 
0.6215, 1.0346420842948423 
0.622, 1.032984589929001 
0.6225, 1.0313254668150855 
0.623, 1.0296647148277152 
0.6235, 1.0280023338405786 
0.624, 1.0263383237264343 
0.6245, 1.0246726843571103 
0.625, 1.0230054156035056 
0.6255000000000001, 1.0213365173355897 
0.626, 1.0196659894224034 
0.6265000000000001, 1.0179938317320583 
0.627, 1.0163200441317395 
0.6275000000000001, 1.0146446264877036 
0.628, 1.0129675786652794 
0.6285000000000001, 1.0112889005288697 
0.629, 1.0096085919419502 
0.6295000000000001, 1.007926652767071 
0.63, 1.0062430828658555 
0.6305000000000001, 1.0045578820990029 
0.631, 1.0028710503262863 
0.6315000000000001, 1.0011825874065545 
0.632, 0.9994924931977331 
0.6325000000000001, 0.9978007675568226 
0.633, 0.9961074103399006 
0.6335000000000001, 0.994412421402121 
0.634, 0.9927158005977155 
0.6345000000000001, 0.9910175477799934 
0.635, 0.9893176628013418 
0.6355000000000001, 0.9876161455132262 
0.636, 0.9859129957661912 
0.6365000000000001, 0.98420821340986 
0.637, 0.9825017982929358 
0.6375000000000001, 0.9807937502632011 
0.638, 0.9790840691675196 
0.6385000000000001, 0.9773727548518345 
0.639, 0.9756598071611711 
0.6395000000000001, 0.973945225939636 
0.64, 0.9722290110304168 
0.6405, 0.9705111622757834 
0.641, 0.9687916795170886 
0.6415, 0.9670705625947675 
0.642, 0.9653478113483394 
0.6425, 0.9636234256164062 
0.643, 0.9618974052366545 
0.6435, 0.9601697500458553 
0.644, 0.9584404598798637 
0.6445, 0.9567095345736201 
0.645, 0.95497697396115 
0.6455, 0.9532427778755661 
0.646, 0.951506946149066 
0.6465, 0.949769478612934 
0.647, 0.9480303750975421 
0.6475, 0.9462896354323487 
0.648, 0.9445472594459001 
0.6485, 0.942803246965831 
0.649, 0.9410575978188638 
0.6495, 0.9393103118308099 
0.65, 0.9375613888265704 
0.6505, 0.935810828630135 
0.651, 0.934058631064584 
0.6515, 0.9323047959520874 
0.652, 0.9305493231139057 
0.6525, 0.9287922123703907 
0.653, 0.9270334635409851 
0.6535, 0.9252730764442239 
0.654, 0.9235110508977331 
0.6545, 0.921747386718232 
0.655, 0.9199820837215322 
0.6555, 0.9182151417225382 
0.656, 0.9164465605352483 
0.6565, 0.9146763399727549 
0.657, 0.9129044798472441 
0.6575, 0.9111309799699969 
0.658, 0.9093558401513888 
0.6585, 0.9075790602008904 
0.659, 0.9058006399270679 
0.6595, 0.9040205791375839 
0.66, 0.9022388776391974 
0.6605, 0.9004555352377628 
0.661, 0.898670551738233 
0.6615, 0.8968839269446578 
0.662, 0.8950956606601843 
0.6625, 0.8933057526870583 
0.663, 0.8915142028266239 
0.6635, 0.8897210108793236 
0.664, 0.8879261766446997 
0.6645, 0.8861296999213935 
0.665, 0.8843315805071459 
0.6655, 0.8825318181987987 
0.666, 0.8807304127922935 
0.6665, 0.8789273640826734 
0.667, 0.8771226718640828 
0.6675, 0.8753163359297671 
0.668, 0.873508356072074 
0.6685, 0.8716987320824536 
0.669, 0.8698874637514586 
0.6695, 0.8680745508687442 
0.67, 0.8662599932230697 
0.6705, 0.8644437906022975 
0.671, 0.8626259427933947 
0.6715, 0.8608064495824321 
0.672, 0.8589853107545862 
0.6725, 0.8571625260941376 
0.673, 0.8553380953844725 
0.6735, 0.8535120184080824 
0.674, 0.8516842949465664 
0.6745, 0.8498549247806289 
0.675, 0.8480239076900815 
0.6755, 0.846191243453843 
0.676, 0.8443569318499393 
0.6765, 0.842520972655505 
0.677, 0.8406833656467816 
0.6775, 0.8388441105991202 
0.678, 0.8370032072869811 
0.6785, 0.8351606554839321 
0.679, 0.8333164549626519 
0.6795, 0.8314706054949288 
0.68, 0.8296231068516613 
0.6805, 0.8277739588028588 
0.681, 0.8259231611176412 
0.6815, 0.82407071356424 
0.682, 0.822216615909998 
0.6825, 0.8203608679213699 
0.683, 0.818503469363923 
0.6835, 0.8166444200023373 
0.684, 0.8147837196004049 
0.6845, 0.8129213679210323 
0.685, 0.8110573647262387 
0.6855, 0.8091917097771579 
0.686, 0.8073244028340378 
0.6865, 0.8054554436562407 
0.687, 0.8035848320022443 
0.6875, 0.8017125676296417 
0.6880000000000001, 0.7998386502951413 
0.6885, 0.797963079754568 
0.6890000000000001, 0.7960858557628623 
0.6895, 0.7942069780740812 
0.6900000000000001, 0.7923264464413999 
0.6905, 0.7904442606171098 
0.6910000000000001, 0.7885604203526206 
0.6915, 0.7866749253984595 
0.6920000000000001, 0.7847877755042727 
0.6925, 0.7828989704188243 
0.6930000000000001, 0.7810085098899977 
0.6935, 0.779116393664796 
0.6940000000000001, 0.7772226214893414 
0.6945, 0.7753271931088763 
0.6950000000000001, 0.7734301082677633 
0.6955, 0.7715313667094854 
0.6960000000000001, 0.7696309681766473 
0.6965, 0.7677289124109745 
0.6970000000000001, 0.7658251991533143 
0.6975, 0.7639198281436359 
0.6980000000000001, 0.762012799121031 
0.6985, 0.760104111823714 
0.6990000000000001, 0.7581937659890214 
0.6995, 0.7562817613534143 
0.7000000000000001, 0.7543680976524763 
0.7005, 0.7524527746209153 
0.7010000000000001, 0.7505357919925637 
0.7015, 0.7486171495003782 
0.7020000000000001, 0.7466968468764403 
0.7025, 0.7447748838519572 
0.7030000000000001, 0.7428512601572614 
0.7035, 0.7409259755218114 
0.704, 0.7389990296741917 
0.7045, 0.7370704223421138 
0.705, 0.7351401532524153 
0.7055, 0.7332082221310621 
0.706, 0.7312746287031462 
0.7065, 0.7293393726928883 
0.707, 0.7274024538236377 
0.7075, 0.7254638718178714 
0.708, 0.7235236263971956 
0.7085, 0.7215817172823451 
0.709, 0.719638144193185 
0.7095, 0.7176929068487092 
0.71, 0.7157460049670425 
0.7105, 0.7137974382654395 
0.711, 0.7118472064602865 
0.7115, 0.7098953092671003 
0.712, 0.7079417464005284 
0.7125, 0.7059865175743514 
0.713, 0.7040296225014802 
0.7135, 0.7020710608939595 
0.714, 0.7001108324629661 
0.7145, 0.6981489369188096 
0.715, 0.6961853739709332 
0.7155, 0.6942201433279136 
0.716, 0.6922532446974616 
0.7165, 0.690284677786422 
0.717, 0.6883144423007743 
0.7175, 0.6863425379456327 
0.718, 0.6843689644252466 
0.7185, 0.6823937214430016 
0.719, 0.6804168087014182 
0.7195, 0.6784382259021533 
0.72, 0.6764579727460005 
0.7205, 0.6744760489328903 
0.721, 0.67249245416189 
0.7215, 0.6705071881312041 
0.722, 0.6685202505381753 
0.7225, 0.6665316410792836 
0.723, 0.6645413594501486 
0.7235, 0.6625494053455274 
0.724, 0.6605557784593168 
0.7245, 0.6585604784845525 
0.725, 0.6565635051134098 
0.7255, 0.6545648580372043 
0.726, 0.6525645369463913 
0.7265, 0.6505625415305669 
0.727, 0.648558871478468 
0.7275, 0.6465535264779732 
0.728, 0.6445465062161013 
0.7285, 0.642537810379014 
0.729, 0.6405274386520146 
0.7295, 0.6385153907195491 
0.73, 0.6365016662652063 
0.7305, 0.6344862649717171 
0.731, 0.6324691865209571 
0.7315, 0.6304504305939442 
0.732, 0.6284299968708413 
0.7325, 0.6264078850309553 
0.733, 0.6243840947527373 
0.7335, 0.6223586257137834 
0.734, 0.6203314775908351 
0.7345, 0.6183026500597792 
0.735, 0.6162721427956486 
0.7355, 0.6142399554726214 
0.736, 0.6122060877640236 
0.7365, 0.6101705393423267 
0.737, 0.6081333098791497 
0.7375, 0.6060943990452587 
0.738, 0.6040538065105674 
0.7385, 0.6020115319441377 
0.739, 0.5999675750141797 
0.7395, 0.5979219353880523 
0.74, 0.5958746127322625 
0.7405, 0.5938256067124674 
0.741, 0.5917749169934727 
0.7415, 0.5897225432392343 
0.742, 0.5876684851128582 
0.7425, 0.5856127422766007 
0.743, 0.5835553143918686 
0.7435, 0.5814962011192197 
0.744, 0.5794354021183636 
0.7445, 0.5773729170481612 
0.745, 0.5753087455666248 
0.7455, 0.5732428873309192 
0.746, 0.571175341997362 
0.7465, 0.5691061092214234 
0.747, 0.5670351886577263 
0.7475, 0.5649625799600475 
0.748, 0.5628882827813175 
0.7485, 0.5608122967736207 
0.749, 0.5587346215881952 
0.7495, 0.5566552568754348 
0.75, 0.5545742022848876 
0.7505000000000001, 0.5524914574652569 
0.751, 0.5504070220644013 
0.7515000000000001, 0.5483208957293357 
0.752, 0.5462330781062306 
0.7525000000000001, 0.5441435688404128 
0.753, 0.5420523675763667 
0.7535000000000001, 0.5399594739577325 
0.754, 0.5378648876273084 
0.7545000000000001, 0.5357686082270499 
0.755, 0.5336706353980705 
0.7555000000000001, 0.5315709687806418 
0.756, 0.5294696080141943 
0.7565000000000001, 0.5273665527373159 
0.757, 0.5252618025877551 
0.7575000000000001, 0.523155357202419 
0.758, 0.5210472162173752 
0.7585000000000001, 0.51893737926785 
0.759, 0.5168258459882304 
0.7595000000000001, 0.5147126160120647 
0.76, 0.5125976889720611 
0.7605000000000001, 0.5104810645000895 
0.761, 0.5083627422271806 
0.7615000000000001, 0.5062427217835272 
0.762, 0.5041210027984846 
0.7625000000000001, 0.50199758490057 
0.763, 0.4998724677174631 
0.7635000000000001, 0.4977456508760061 
0.764, 0.4956171340022051 
0.7645000000000001, 0.49348691672122946 
0.765, 0.49135499865741217 
0.7655000000000001, 0.4892213794342506 
0.766, 0.48708605867440613 
0.7665000000000001, 0.4849490359997053 
0.767, 0.4828103110311388 
0.7675000000000001, 0.4806698833888632 
0.768, 0.47852775269220027 
0.7685, 0.4763839185596377 
0.769, 0.4742383806088293 
0.7695, 0.47209113845659534 
0.77, 0.46994219171892304 
0.7705, 0.4677915400109658 
0.771, 0.465639182947045 
0.7715, 0.4634851201406496 
0.772, 0.46132935120443586 
0.7725, 0.45917187575022855 
0.773, 0.45701269338902106 
0.7735, 0.45485180373097545 
0.774, 0.4526892063854224 
0.7745, 0.4505249009608623 
0.775, 0.44835888706496485 
0.7755, 0.44619116430456995 
0.776, 0.4440217322856874 
0.7765, 0.4418505906134973 
0.777, 0.43967773889235073 
0.7775, 0.43750317672577 
0.778, 0.43532690371644844 
0.7785, 0.433148919466251 
0.779, 0.4309692235762148 
0.7795, 0.4287878156465488 
0.78, 0.4266046952766347 
0.7805, 0.424419862065027 
0.781, 0.42223331560945265 
0.7815, 0.4200450555068125 
0.782, 0.41785508135318095 
0.7825, 0.41566339274380626 
0.783, 0.41346998927311107 
0.7835, 0.4112748705346918 
0.784, 0.4090780361213202 
0.7845, 0.40687948562494314 
0.785, 0.40467921863668255 
0.7855, 0.40247723474683594 
0.786, 0.40027353354487705 
0.7865, 0.3980681146194558 
0.787, 0.3958609775583979 
0.7875, 0.3936521219487066 
0.788, 0.3914415473765618 
0.7885, 0.3892292534273212 
0.789, 0.3870152396855193 
0.7895, 0.384799505734869 
0.79, 0.3825820511582614 
0.7905, 0.3803628755377657 
0.791, 0.37814197845463005 
0.7915, 0.3759193594892818 
0.792, 0.3736950182213272 
0.7925, 0.3714689542295526 
0.793, 0.3692411670919238 
0.7935, 0.3670116563855872 
0.794, 0.3647804216868693 
0.7945, 0.362547462571277 
0.795, 0.36031277861349875 
0.7955, 0.3580763693874045 
0.796, 0.3558382344660449 
0.7965, 0.353598373421653 
0.797, 0.35135678582564367 
0.7975, 0.34911347124861436 
0.798, 0.34686842926034545 
0.7985, 0.34462165942980016 
0.799, 0.34237316132512463 
0.7995, 0.3401229345136485 
0.8, 0.33787097856188586 
0.8005, 0.33561729303553456 
0.801, 0.33336187749947666 
0.8015, 0.33110473151777864 
0.802, 0.32884585465369276 
0.8025, 0.3265852464696555 
0.803, 0.32432290652728946 
0.8035, 0.3220588343874029 
0.804, 0.31979302960999 
0.8045, 0.3175254917542314 
0.805, 0.3152562203784943 
0.8055, 0.3129852150403327 
0.806, 0.3107124752964878 
0.8065, 0.3084380007028886 
0.807, 0.3061617908146512 
0.8075, 0.30388384518608036 
0.808, 0.3016041633706683 
0.8085, 0.29932274492109645 
0.809, 0.2970395893892348 
0.8095, 0.2947546963261425 
0.81, 0.2924680652820679 
0.8105, 0.2901796958064493 
0.811, 0.2878895874479148 
0.8115, 0.28559773975428293 
0.812, 0.28330415227256234 
0.8125, 0.2810088245489527 
0.8130000000000001, 0.2787117561288449 
0.8135, 0.2764129465568208 
0.8140000000000001, 0.2741123953766541 
0.8145, 0.2718101021313103 
0.8150000000000001, 0.26950606636294705 
0.8155, 0.2672002876129146 
0.8160000000000001, 0.2648927654217552 
0.8165, 0.262583499329205 
0.8170000000000001, 0.26027248887419285 
0.8175, 0.25795973359484126 
0.8180000000000001, 0.25564523302846687 
0.8185, 0.2533289867115799 
0.8190000000000001, 0.2510109941798855 
0.8195, 0.2486912549682827 
0.8200000000000001, 0.24636976861086612 
0.8205, 0.2440465346409254 
0.8210000000000001, 0.24172155259094563 
0.8215, 0.23939482199260742 
0.8220000000000001, 0.2370663423767878 
0.8225, 0.2347361132735597 
0.8230000000000001, 0.23240413421219286 
0.8235, 0.2300704047211537 
0.8240000000000001, 0.2277349243281056 
0.8245, 0.2253976925599096 
0.8250000000000001, 0.22305870894262447 
0.8255, 0.22071797300150675 
0.8260000000000001, 0.21837548426101128 
0.8265, 0.2160312422447913 
0.8270000000000001, 0.21368524647569875 
0.8275, 0.21133749647578437 
0.8280000000000001, 0.20898799176629868 
0.8285, 0.20663673186769171 
0.8290000000000001, 0.20428371629961317 
0.8295, 0.20192894458091282 
0.8300000000000001, 0.19957241622964084 
0.8305, 0.1972141307630484 
0.8310000000000001, 0.1948540876975875 
0.8315, 0.19249228654891093 
0.8320000000000001, 0.19012872683187343 
0.8325, 0.18776340806053138 
0.833, 0.18539632974814335 
0.8335, 0.18302749140717 
0.834, 0.18065689254927464 
0.8345, 0.1782845326853234 
0.835, 0.17591041132538554 
0.8355, 0.17353452797873348 
0.836, 0.17115688215384384 
0.8365, 0.16877747335839643 
0.837, 0.16639630109927617 
0.8375, 0.1640133648825719 
0.838, 0.16162866421357736 
0.8385, 0.15924219859679112 
0.839, 0.15685396753591752 
0.8395, 0.15446397053386585 
0.84, 0.1520722070927517 
0.8405, 0.14967867671389634 
0.841, 0.14728337889782817 
0.8415, 0.14488631314428146 
0.842, 0.14248747895219804 
0.8425, 0.14008687581972656 
0.843, 0.1376845032442231 
0.8435, 0.1352803607222519 
0.844, 0.1328744477495848 
0.8445, 0.13046676382120193 
0.845, 0.12805730843129248 
0.8455, 0.12564608107325392 
0.846, 0.12323308123969279 
0.8465, 0.12081830842242525 
0.847, 0.11840176211247722 
0.8475, 0.11598344180008424 
0.848, 0.11356334697469228 
0.8485, 0.11114147712495759 
0.849, 0.10871783173874716 
0.8495, 0.10629241030313907 
0.85, 0.10386521230442258 
0.8505, 0.10143623722809836 
0.851, 0.09900548455887903 
0.8515, 0.09657295378068942 
0.852, 0.09413864437666641 
0.8525, 0.09170255582915965 
0.853, 0.08926468761973183 
0.8535, 0.08682503922915841 
0.854, 0.08438361013742857 
0.8545, 0.08194039982374524 
0.855, 0.0794954077665253 
0.8555, 0.07704863344339952 
0.856, 0.07460007633121346 
0.8565, 0.07214973590602747 
0.857, 0.06969761164311694 
0.8575, 0.06724370301697247 
0.858, 0.06478800950130004 
0.8585, 0.062330530569021825 
0.859, 0.05987126569227608 
0.8595, 0.05741021434241733 
0.86, 0.05494737599001698 
0.8605, 0.05248275010486303 
0.861, 0.050016336155961016 
0.8615, 0.04754813361153354 
0.862, 0.04507814193902149 
0.8625, 0.04260636060508338 
0.863, 0.04013278907559592 
0.8635, 0.03765742681565465 
0.864, 0.03518027328957374 
0.8645, 0.03270132796088665 
0.865, 0.030220590292345917 
0.8655, 0.027738059745923804 
0.866, 0.02525373578281287 
0.8665, 0.022767617863425293 
0.867, 0.020279705447393992 
0.8675, 0.017789997993572282 
0.868, 0.01529849496003488 
0.8685, 0.012805195804077463 
0.869, 0.010310099982217213 
0.8695, 0.007813206950193163 
0.87, 0.0053145161629664095 
0.8705, 0.0028140270747202267 
0.871, 0.0003117391388607338 
0.8715, -0.002192348191983551 
0.872, -0.0046982354659603764 
0.8725, -0.007205923231994538 
0.873, -0.009715412039786986 
0.8735, -0.01222670243981494 
0.874, -0.014739794983331111 
0.8745, -0.01725469022236381 
0.875, -0.01977138870971684 
0.8755000000000001, -0.02228989099896872 
0.876, -0.024810197644472787 
0.8765000000000001, -0.027332309201356986 
0.877, -0.029856226225523086 
0.8775000000000001, -0.032381949273647126 
0.878, -0.03490947890317864 
0.8785000000000001, -0.03743881567234053 
0.879, -0.03996996014012877 
0.8795000000000001, -0.04250291286631236 
0.88, -0.045037674411432804 
0.8805000000000001, -0.04757424533680377 
0.881, -0.05011262620451096 
0.8815000000000001, -0.052652817577412026 
0.882, -0.055194820019136004 
0.8825000000000001, -0.0577386340940832 
0.883, -0.060284260367424625 
0.8835000000000001, -0.06283169940510236 
0.884, -0.06538095177382852 
0.8845000000000001, -0.06793201804108562 
0.885, -0.07048489877512587 
0.8855000000000001, -0.07303959454497144 
0.886, -0.07559610592041344 
0.8865000000000001, -0.07815443347201223 
0.887, -0.08071457777109692 
0.8875000000000001, -0.0832765393897652 
0.888, -0.08584031890088295 
0.8885000000000001, -0.08840591687808408 
0.889, -0.09097333389577023 
0.8895000000000001, -0.09354257052911052 
0.89, -0.09611362735404105 
0.8905000000000001, -0.09868650494726527 
0.891, -0.10126120388625293 
0.8915000000000001, -0.10383772474924025 
0.892, -0.10641606811522941 
0.8925000000000001, -0.10899623456398866 
0.893, -0.11157822467605183 
0.8935000000000001, -0.11416203903271771 
0.894, -0.11674767821605037 
0.8945000000000001, -0.11933514280887869 
0.895, -0.12192443339479586 
0.8955000000000001, -0.12451555055815933 
0.896, -0.1271084948840906 
0.8965, -0.1297032669584749 
0.897, -0.13229986736796062 
0.8975, -0.13489829669995956 
0.898, -0.1374985555426459 
0.8985, -0.14010064448495674 
0.899, -0.14270456411659183 
0.8995, -0.1453103150280124 
0.9, -0.14791789781044196 
0.9005, -0.1505273130558652 
0.901, -0.15313856135702797 
0.9015, -0.1557516433074374 
0.902, -0.15836655950136136 
0.9025, -0.16098331053382775 
0.903, -0.163601897000625 
0.9035, -0.16622231949830124 
0.904, -0.16884457862416424 
0.9045, -0.17146867497628115 
0.905, -0.1740946091534783 
0.9055, -0.17672238175534072 
0.906, -0.17935199338221197 
0.9065, -0.18198344463519378 
0.907, -0.18461673611614615 
0.9075, -0.18725186842768649 
0.908, -0.1898888421731898 
0.9085, -0.1925276579567885 
0.909, -0.1951683163833715 
0.9095, -0.19781081805858447 
0.91, -0.20045516358882953 
0.9105, -0.2031013535812649 
0.911, -0.20574938864380465 
0.9115, -0.20839926938511838 
0.912, -0.21105099641463088 
0.9125, -0.21370457034252205 
0.913, -0.21635999177972653 
0.9135, -0.21901726133793337 
0.914, -0.22167637962958575 
0.9145, -0.2243373472678809 
0.915, -0.2270001648667695 
0.9155, -0.2296648330409558 
0.916, -0.2323313524058972 
0.9165, -0.23499972357780374 
0.917, -0.2376699471736382 
0.9175, -0.2403420238111154 
0.918, -0.24301595410870236 
0.9185, -0.24569173868561778 
0.919, -0.2483693781618318 
0.9195, -0.25104887315806573 
0.92, -0.25373022429579195 
0.9205, -0.25641343219723345 
0.921, -0.2590984974853634 
0.9215, -0.2617854207839053 
0.922, -0.2644742027173325 
0.9225, -0.2671648439108677 
0.923, -0.26985734499048286 
0.9235, -0.2725517065828992 
0.924, -0.2752479293155865 
0.9245, -0.27794601381676304 
0.925, -0.2806459607153952 
0.9255, -0.2833477706411974 
0.926, -0.28605144422463163 
0.9265, -0.2887569820969071 
0.927, -0.29146438488998033 
0.9275, -0.2941736532365546 
0.928, -0.2968847877700797 
0.9285, -0.29959778912475166 
0.929, -0.3023126579355124 
0.9295, -0.30502939483804964 
0.93, -0.30774800046879663 
0.9305, -0.3104684754649317 
0.931, -0.31319082046437813 
0.9315, -0.3159150361058036 
0.932, -0.31864112302862035 
0.9325, -0.3213690818729847 
0.933, -0.3240989132797965 
0.9335, -0.32683061789069934 
0.934, -0.32956419634807993 
0.9345, -0.33229964929506806 
0.935, -0.335036977375536 
0.9355, -0.3377761812340985 
0.936, -0.34051726151611267 
0.9365, -0.34326021886767705 
0.937, -0.346005053935632 
0.9375, -0.34875176736755925 
0.9380000000000001, -0.3515003598117814 
0.9385, -0.35425083191736184 
0.9390000000000001, -0.3570031843341044 
0.9395, -0.3597574177125531 
0.9400000000000001, -0.3625135327039919 
0.9405, -0.3652715299604443 
0.9410000000000001, -0.3680314101346733 
0.9415, -0.3707931738801807 
0.9420000000000001, -0.3735568218512075 
0.9425, -0.3763223547027329 
0.9430000000000001, -0.3790897730904744 
0.9435, -0.3818590776708876 
0.9440000000000001, -0.3846302691011656 
0.9445, -0.38740334803923904 
0.9450000000000001, -0.39017831514377566 
0.9455, -0.39295517107418004 
0.9460000000000001, -0.3957339164905932 
0.9465, -0.3985145520538926 
0.9470000000000001, -0.4012970784256916 
0.9475, -0.4040814962683395 
0.9480000000000001, -0.40686780624492086 
0.9485, -0.4096560090192554 
0.9490000000000001, -0.41244610525589775 
0.9495, -0.41523809562013714 
0.9500000000000001, -0.4180319807779972 
0.9505, -0.42082776139623557 
0.9510000000000001, -0.42362543814234366 
0.9515, -0.42642501168454633 
0.9520000000000001, -0.42922648269180164 
0.9525, -0.43202985183380055 
0.9530000000000001, -0.43483511978096673 
0.9535, -0.43764228720445614 
0.9540000000000001, -0.4404513547761569 
0.9545, -0.44326232316868885 
0.9550000000000001, -0.44607519305540344 
0.9555, -0.44888996511038326 
0.9560000000000001, -0.4517066400084418 
0.9565, -0.45452521842512333 
0.9570000000000001, -0.45734570103670247 
0.9575, -0.46016808852018387 
0.9580000000000001, -0.4629923815533021 
0.9585, -0.4658185808145212 
0.9590000000000001, -0.4686466869830345 
0.9595, -0.4714767007387643 
0.96, -0.4743086227623615 
0.9605, -0.4771424537352055 
0.961, -0.4799781943394037 
0.9615, -0.4828158452577914 
0.962, -0.4856554071739315 
0.9625, -0.48849688077211406 
0.963, -0.4913402667373561 
0.9635, -0.4941855657554015 
0.964, -0.4970327785127204 
0.9645, -0.49988190569650903 
0.965, -0.5027329479946896 
0.9655, -0.5055859060959097 
0.966, -0.5084407806895423 
0.9665, -0.5112975724656855 
0.967, -0.5141562821151617 
0.9675, -0.5170169103295179 
0.968, -0.5198794578010254 
0.9685, -0.5227439252226791 
0.969, -0.5256103132881973 
0.9695, -0.5284786226920221 
0.97, -0.5313488541293179 
0.9705, -0.5342210082959723 
0.971, -0.5370950858885951 
0.9715, -0.5399710876045181 
0.972, -0.5428490141417951 
0.9725, -0.5457288661992012 
0.973, -0.5486106444762332 
0.9735, -0.5514943496731083 
0.974, -0.5543799824907645 
0.9745, -0.5572675436308605 
0.975, -0.5601570337957746 
0.9755, -0.5630484536886055 
0.976, -0.5659418040131707 
0.9765, -0.5688370854740074 
0.977, -0.5717342987763715 
0.9775, -0.5746334446262376 
0.978, -0.5775345237302988 
0.9785, -0.580437536795966 
0.979, -0.5833424845313678 
0.9795, -0.5862493676453507 
0.98, -0.5891581868474779 
0.9805, -0.5920689428480297 
0.981, -0.594981636358003 
0.9815, -0.597896268089111 
0.982, -0.6008128387537828 
0.9825, -0.6037313490651632 
0.983, -0.6066517997371126 
0.9835, -0.6095741914842066 
0.984, -0.6124985250217351 
0.9845, -0.6154248010657032 
0.985, -0.6183530203328298 
0.9855, -0.6212831835405479 
0.986, -0.6242152914070042 
0.9865, -0.6271493446510586 
0.987, -0.6300853439922844 
0.9875, -0.6330232901509674 
0.988, -0.6359631838481057 
0.9885, -0.63890502580541 
0.989, -0.6418488167453027 
0.9895, -0.6447945573909177 
0.99, -0.6477422484661004 
0.9905, -0.650691890695407 
0.991, -0.6536434848041044 
0.9915, -0.6565970315181702 
0.992, -0.6595525315642916 
0.9925, -0.6625099856698661 
0.993, -0.6654693945630004 
0.9935, -0.6684307589725105 
0.994, -0.6713940796279214 
0.9945, -0.6743593572594667 
0.995, -0.677326592598088 
0.9955, -0.6802957863754355 
0.996, -0.6832669393238666 
0.9965, -0.6862400521764463 
0.997, -0.6892151256669469 
0.9975, -0.6921921605298471 
0.998, -0.6951711575003326 
0.9985, -0.698152117314295 
0.999, -0.7011350407083319 
0.9995, -0.7041199284197466 
